1,0.04385411976587172
ููุช,0.018190004502476563
ฺฉูุช,0.012246735704637685
ุฎู,0.011076091850517908
ฺฉุงูุง,0.009004952723998299
ุนุงู,0.008194506978838452
ูู,0.007564160288158571
ุฎุฑุฏ,0.007203962179198639
ุฏุฑ,0.006933813597478689
ุจูุฏ,0.006933813597478689
ูพุดููุงุฏ,0.006753714542998723
ูุณุช,0.006663665015758742
ูุญุตูู,0.006393516434038792
ุจุงูุง,0.0061233678523188425
ุจุณุงุฑ,0.005583070688878945
ุฎูุจ,0.005583070688878945
ุนุฏู,0.005493021161638962
ฺฉูุฏ,0.00540297163439898
ููุฌูุฏ,0.005312922107158996
ูุทูุง,0.005312922107158996
ุฏุฌ,0.005042773525439047
ุจุฏ,0.0046825754164791155
ุฎูุจู,0.004412426834759166
ุงุตูุง,0.004322377307519183
ุฑูฺฏ,0.004142278253039217
ุณูุงู,0.003962179198559251
ุงูุชุถุงุญ,0.0037820801440792856
ูุฎุฑุฏ,0.0037820801440792856
ููฺฉูู,0.003692030616839302
ูุงูุนุง,0.003692030616839302
ุนุงูู,0.0036019810895993195
ฺฏูุด,0.0035119315623593364
$,0.003331832507879371
ุฌูุณ,0.0032417829806393877
ุณูุงู,0.0032417829806393877
ูุณุช,0.0031517334533994043
ฺุฑุง,0.0031517334533994043
ู,0.0030616839261594212
ุนฺฉุณ,0.0030616839261594212
ุฎุฑุฏู,0.0029716343989194386
ูุดู,0.0029716343989194386
ููุชุด,0.0029716343989194386
ุณุงุฒ,0.0029716343989194386
ุงุณุช,0.0028815848716794556
ุงุฑุณุงู,0.0028815848716794556
ูุฏุงุฑู,0.0027915353444394725
ุงุดุชุจุงู,0.0027915353444394725
ุจูุฏู,0.00270148581719949
ุดุฏู,0.00270148581719949
ุฏุงุฑู,0.00270148581719949
ูฺฉูู,0.002611436289959507
ูุธุฑ,0.002611436289959507
ุจุณุชู,0.002611436289959507
ุงุฑุฒุด,0.0025213867627195234
ุจูุฏ,0.0025213867627195234
ุบุฑ,0.0025213867627195234
ุณูุงุฑุด,0.0025213867627195234
ูุฏู,0.002431337235479541
ูู,0.002431337235479541
ุณุงุนุช,0.002431337235479541
ฺฉุงุฑ,0.0023412877082395578
ุชู,0.0023412877082395578
ู,0.0023412877082395578
ุชุงุฑุฎ,0.0023412877082395578
ฺฉุงูุง,0.0021611886537595917
ูุจูุฏ,0.0021611886537595917
ุฏฺฏู,0.0021611886537595917
ููุงุณุจ,0.0021611886537595917
ูพุงู,0.0020711391265196086
ฺฉ,0.0020711391265196086
ุงุณุชูุงุฏู,0.0020711391265196086
ุฑุงุถ,0.0019810895992796256
ฺฏุฑุงู,0.0019810895992796256
ุฒุจุง,0.0019810895992796256
ฺฉูู,0.0018910400720396428
ุฎุฑุงุจ,0.0018910400720396428
ุฏุณุชฺฏุงู,0.0018009905447996597
ฺฏุฑูู,0.0018009905447996597
ุชุญูู,0.0018009905447996597
ุดฺฏูุช,0.0017109410175596767
ุงุตู,0.0017109410175596767
ุฏุฑุฎูุงุณุช,0.0017109410175596767
ฺฏุงุฑุงูุช,0.0017109410175596767
ูุงููุงุณุจ,0.0017109410175596767
ฺฉุณ,0.0016208914903196939
ฺฏุฑููู,0.0016208914903196939
ุชุทุงุจู,0.0016208914903196939
ูพูู,0.0016208914903196939
ูุณุจุช,0.0016208914903196939
ุชููุจ,0.0016208914903196939
ุจุฎุฑู,0.0016208914903196939
ุฏูุณุชุงู,0.0016208914903196939
ุชุฎูู,0.0016208914903196939
ูฺ,0.0016208914903196939
ููุท,0.0015308419630797106
ุงูฺฏุฒ,0.0015308419630797106
ูู,0.0015308419630797106
ุฏุงุฑู,0.0015308419630797106
ุฎูุจู,0.0015308419630797106
ูุดุฎุตุงุช,0.0015308419630797106
ุถุนู,0.0015308419630797106
ฺู,0.0014407924358397278
ุงูุงู,0.0014407924358397278
ููุฌูุฏุด,0.0014407924358397278
ุฑู,0.0014407924358397278
ฺฉุฑุฏู,0.0014407924358397278
ูุฑูุด,0.0014407924358397278
ุจุงุฒ,0.0014407924358397278
ุชูุตู,0.001350742908599745
ูุง,0.001350742908599745
ุขุดุบุงู,0.001350742908599745
ุฎูุจ,0.001350742908599745
ฺฉุฑุฏู,0.001350742908599745
ููุฑุฏ,0.001350742908599745
ุฏุณุช,0.001350742908599745
ุฏู,0.001350742908599745
ฺฉู,0.001350742908599745
ููู,0.001350742908599745
ูุดฺฉู,0.001350742908599745
ููุดู,0.001350742908599745
ุจุงุชุฑ,0.001350742908599745
ุงุตู,0.001350742908599745
ฺฏูุณ,0.001350742908599745
ุง,0.0012606933813597617
ุงฺฏู,0.0012606933813597617
ูุงูุน,0.0012606933813597617
ุฒุงุฏ,0.0012606933813597617
ฺฉู,0.0012606933813597617
ูุตุฑู,0.0012606933813597617
ูุงุณู,0.0012606933813597617
ุฏุณุชู,0.0012606933813597617
ุฑุณุฏ,0.0012606933813597617
ุฏุฑุฏ,0.0012606933813597617
ฺฉุงููุง,0.0012606933813597617
ุงูุง,0.0012606933813597617
ูฺู,0.0011706438541197789
ฺฉุงูุฑ,0.0011706438541197789
ุจุนุฏ,0.0011706438541197789
ุจุฎุฑุฏ,0.0011706438541197789
ุฑูุฒ,0.0011706438541197789
ูุณุชุด,0.0011706438541197789
ููุดุชู,0.0011706438541197789
ุดุงุฑฺ,0.0011706438541197789
ุจุฏุฑุฏ,0.0011706438541197789
ููู,0.0011706438541197789
ุฏุงุฏู,0.0011706438541197789
ูุฏุงุดุชู,0.0011706438541197789
ุจุฏูู,0.0011706438541197789
ููุฎูุฑู,0.0011706438541197789
ุณุงุฎุช,0.0010805943268797958
ุฏุณุชู,0.0010805943268797958
ุดุฏ,0.0010805943268797958
ฺุฒ,0.0010805943268797958
ูุณุชู,0.0010805943268797958
ููุช,0.0010805943268797958
ุชูุงูุช,0.0010805943268797958
ุจุฏุฏ,0.0010805943268797958
ุจุงุดู,0.0010805943268797958
ุงูุฏุงุฒู,0.0010805943268797958
ุงุดุบุงู,0.0009905447996398128
ุงุทูุงุนุงุช,0.0009905447996398128
ฺฉูุด,0.0009905447996398128
ุฑุงูููุง,0.0009905447996398128
ุดูุฏ,0.0009905447996398128
ุฏูุช,0.0009905447996398128
ูพุงูุฑ,0.0009905447996398128
ูุฏุงุฑู,0.0009905447996398128
ุงูุชูุงุฏ,0.0009905447996398128
ุนููุงู,0.0009905447996398128
ูููุฒ,0.0009905447996398128
ูุฑุณุชุงุฏู,0.0009905447996398128
ุฏูู,0.0009905447996398128
ุณุจุฒ,0.0009905447996398128
ฺฏูุฌู,0.0009905447996398128
ุญุชูุง,0.0009004952723998299
ุงู,0.0009004952723998299
ุจุดุชุฑ,0.0009004952723998299
ูุชุงุณูู,0.0009004952723998299
ุชุฑ,0.0009004952723998299
ูฺฉูู,0.0009004952723998299
ููุดููุฏ,0.0009004952723998299
ูุณ,0.0009004952723998299
ุฎุฑุฏุด,0.0009004952723998299
ุฌูุงุจ,0.0009004952723998299
ูุตู,0.0009004952723998299
ุฌุนุจู,0.0009004952723998299
ูุฏู,0.0009004952723998299
ฺฉููุฏู,0.0009004952723998299
ุณู,0.0009004952723998299
ูุฑูุดูุฏู,0.0009004952723998299
ููููู,0.0009004952723998299
ุฌุง,0.0009004952723998299
ูฺฉ,0.0009004952723998299
ุจุงูุงุณุช,0.0009004952723998299
ูุฏุงุฑุฏ,0.0009004952723998299
ูุฏู,0.0008104457451598469
ุถุนู,0.0008104457451598469
ุฎุฑุงุจ,0.0008104457451598469
ูุฑ,0.0008104457451598469
ุจุงุฒุงุฑ,0.0008104457451598469
ูฺฉุฑ,0.0008104457451598469
ูุฎูุงู,0.0008104457451598469
ุนู,0.0008104457451598469
ุชุฑู,0.0008104457451598469
ูฺฉูุฏ,0.0008104457451598469
ูพุด,0.0008104457451598469
ฺฉุฑุฏู,0.0008104457451598469
ฺฉ,0.0008104457451598469
ฺุฒ,0.0008104457451598469
ูุงุจู,0.0008104457451598469
ูุงุดู,0.0008104457451598469
ูุจุงุณ,0.0008104457451598469
ููุฌูุฏ,0.0008104457451598469
ูพุณ,0.0008104457451598469
ุฑูุบู,0.0008104457451598469
ูุฒู,0.0008104457451598469
ุงูุนุงุฏู,0.0008104457451598469
ุดฺฉุณุชู,0.0008104457451598469
ฺฉุฑู,0.0008104457451598469
ุฏุงุฎู,0.0008104457451598469
ูุซู,0.0008104457451598469
ุฑูุงู,0.0008104457451598469
ููุณ,0.0008104457451598469
ููุฏููู,0.0007203962179198639
ููุงุท,0.0007203962179198639
ุจูุชุฑูู,0.0007203962179198639
ุงูู,0.0007203962179198639
ุฏุฑูุบ,0.0007203962179198639
ูพุฎุด,0.0007203962179198639
ูุญูู,0.0007203962179198639
ุจุงูฺฉ,0.0007203962179198639
ูุงุฏุฑุณุช,0.0007203962179198639
ุดูุง,0.0007203962179198639
ฺู,0.0007203962179198639
ุงุตุงูุช,0.0007203962179198639
ูุฎูุฑ,0.0007203962179198639
ุดุฏู,0.0007203962179198639
ุจุงุฒ,0.0007203962179198639
ูุนููู,0.0007203962179198639
ุนุฑูุณฺฉ,0.0007203962179198639
ฺฉ,0.0007203962179198639
ุณูุงู,0.0007203962179198639
ุทุฑุญ,0.0007203962179198639
ุงฺฏุฑ,0.0007203962179198639
ุตูุญู,0.0007203962179198639
ููุน,0.0007203962179198639
ุจุงุฏ,0.0007203962179198639
ููู,0.0007203962179198639
ฺุฑู,0.0007203962179198639
ุงูฺฉู,0.0007203962179198639
ุงููุถุง,0.0007203962179198639
ุฌุงูุจ,0.0007203962179198639
ุจูุฏ,0.0007203962179198639
ุฏุฌฺฉุงูุง,0.0007203962179198639
ฺฉุงุจู,0.0007203962179198639
ุขุจ,0.0007203962179198639
ฺูู,0.0007203962179198639
ุดุจู,0.0007203962179198639
ุขููฺู,0.0007203962179198639
ุขุฑุช,0.0007203962179198639
ูุญุตููุงุช,0.0006303466906798809
ูุงุจ,0.0006303466906798809
ุชููุฏ,0.0006303466906798809
ูุงู,0.0006303466906798809
ููุชูุฑ,0.0006303466906798809
ฺฉูุง,0.0006303466906798809
ฺฉูู,0.0006303466906798809
ฺฉูุชุด,0.0006303466906798809
ุงฺฉุณ,0.0006303466906798809
ุฏูุจุงุฑู,0.0006303466906798809
ุขู,0.0006303466906798809
ุงุฏฺฉูู,0.0006303466906798809
ุงูู,0.0006303466906798809
ูพูุณุช,0.0006303466906798809
ุงุฑุฒู,0.0006303466906798809
ูุธุฑ,0.0006303466906798809
ุชูุงู,0.0006303466906798809
ุฌ,0.0006303466906798809
ุฏุฑุจุงุฑู,0.0006303466906798809
ูุดฺฉ,0.0006303466906798809
ุฏูู,0.0006303466906798809
ูููุน,0.0006303466906798809
ูุทูุงู,0.0006303466906798809
ูุฑุฌูุน,0.0006303466906798809
ุชุตูุฑ,0.0006303466906798809
ุจุงุทุฑ,0.0006303466906798809
ฺฉู,0.0006303466906798809
ูุชูุงูุช,0.0006303466906798809
ุงูุชุฎุงุจ,0.0006303466906798809
ูุจูุฏู,0.0006303466906798809
ุฒูุงู,0.0006303466906798809
ฺฉูู,0.0006303466906798809
ุซุจุช,0.0006303466906798809
ุงุฑุณุงู,0.0006303466906798809
ุงูู,0.0006303466906798809
ฺฏุฑูุชู,0.0006303466906798809
ุฏุงุฑุฏ,0.0006303466906798809
ูุจ,0.0006303466906798809
ููุฏ,0.0006303466906798809
ุดุงุฑฺุฑ,0.0006303466906798809
ุขุดุบุงูู,0.0006303466906798809
ุดุงููพู,0.0006303466906798809
ุดุฑฺฉุช,0.0006303466906798809
ุฏููุง,0.0006303466906798809
ุฏูุฑ,0.0006303466906798809
ูุงู,0.0006303466906798809
ูุธุฑู,0.0005402971634398979
ูุงุจูุช,0.0005402971634398979
ุจูู,0.0005402971634398979
ุจูุชุฑู,0.0005402971634398979
ุณุงุช,0.0005402971634398979
ูุตุจ,0.0005402971634398979
ูุงุฑุงุถ,0.0005402971634398979
ุนุทุฑ,0.0005402971634398979
ุฎุดฺฉ,0.0005402971634398979
ุงูุฒุงุด,0.0005402971634398979
ูพุฑุณุด,0.0005402971634398979
ูพูุฏุฑ,0.0005402971634398979
ฺฉูุงู,0.0005402971634398979
ุณุงุฒ,0.0005402971634398979
ุจุฒุงุฑุฏ,0.0005402971634398979
ฺ,0.0005402971634398979
ุดฺฉ,0.0005402971634398979
ฺูุฏ,0.0005402971634398979
ุจุจุฎุดุฏ,0.0005402971634398979
ูุงุด,0.0005402971634398979
ุจูุชุฑู,0.0005402971634398979
ุฑุงุญุช,0.0005402971634398979
ุชุงุฒู,0.0005402971634398979
ุงูู,0.0005402971634398979
ฺฉู,0.0005402971634398979
ูุฏููู,0.0005402971634398979
ุฌุง,0.0005402971634398979
ุฌูุณุด,0.0005402971634398979
ฺฏุฑุงู,0.0005402971634398979
ฺุฑุช,0.0005402971634398979
ุฏุฑุตุฏ,0.0005402971634398979
ุงุฑุงุฏ,0.0005402971634398979
ููุชู,0.0005402971634398979
ูุฒุงุฑ,0.0005402971634398979
ุชุงูพ,0.0005402971634398979
ุฎุฏูุงุช,0.0005402971634398979
ูุฒุฎุฑู,0.0005402971634398979
ุฏุงุดุชู,0.0005402971634398979
ุฏฺฉูู,0.0005402971634398979
ูุบุงุฑุช,0.0005402971634398979
ุชุฌุฑุจู,0.0005402971634398979
ููุท,0.0005402971634398979
ูฺฏู,0.0005402971634398979
ูฺฉูุฏ,0.0005402971634398979
ฺฉุงุฑุช,0.0005402971634398979
ุดุฏู,0.0005402971634398979
ฺฏุฐุดุชู,0.0005402971634398979
ูุฏู,0.0005402971634398979
ูุชุงุณูุงูู,0.0005402971634398979
ุฏูุณุชุงู,0.0005402971634398979
ูุญุงูุธ,0.0005402971634398979
ฺุดู,0.0005402971634398979
ุจฺู,0.0005402971634398979
ูุง,0.0005402971634398979
ุฏุงุฏู,0.0005402971634398979
ุงุตูุงุญ,0.00045024763619991493
ูููู,0.00045024763619991493
ูุฏููู,0.00045024763619991493
ุณุงูุณููฺฏ,0.00045024763619991493
ุฒูุงูู,0.00045024763619991493
ุฑุงุถู,0.00045024763619991493
ูููุช,0.00045024763619991493
ุจูุด,0.00045024763619991493
ุจู,0.00045024763619991493
ุญุฌู,0.00045024763619991493
ุฒุฏู,0.00045024763619991493
ูุง,0.00045024763619991493
ูุฒุงุฑุชููุงู,0.00045024763619991493
ุชูุถุญุงุช,0.00045024763619991493
ุจุฏู,0.00045024763619991493
ุจุฑุฑุณ,0.00045024763619991493
ฺุฑุชู,0.00045024763619991493
ุฑูุดู,0.00045024763619991493
ุณุจฺฉ,0.00045024763619991493
ุฏุงุบูู,0.00045024763619991493
ุนุฌุจ,0.00045024763619991493
ูุฎูุฑู,0.00045024763619991493
ุญุฑู,0.00045024763619991493
ููุงุณุจู,0.00045024763619991493
ูู,0.00045024763619991493
ูุฑูุดฺฏุงู,0.00045024763619991493
ูุดูฺฏู,0.00045024763619991493
ุจุฑูุฏ,0.00045024763619991493
ุชููู,0.00045024763619991493
ุฑุงูููุง,0.00045024763619991493
ูุตูุจ,0.00045024763619991493
ููฺฉูู,0.00045024763619991493
ูุฑุณุฏู,0.00045024763619991493
ูฺฏู,0.00045024763619991493
ุฒุฑ,0.00045024763619991493
ฺูุฏู,0.00045024763619991493
ููุช,0.00045024763619991493
ุฏูุงุฑ,0.00045024763619991493
ุงููุฏุฑ,0.00045024763619991493
ุชุดฺฉุฑ,0.00045024763619991493
ุจุฎุฑู,0.00045024763619991493
ููุงุด,0.00045024763619991493
ุฏูู,0.00045024763619991493
ุถุฏ,0.00045024763619991493
ฺฉุฑุฏ,0.00045024763619991493
ฺฏุฑู,0.00045024763619991493
ุจูุฏู,0.00045024763619991493
ููุจุงู,0.00045024763619991493
ฺูุฏุฑ,0.00045024763619991493
ุงุด,0.00045024763619991493
ุธุงูุฑ,0.00045024763619991493
ูุณุชู,0.00045024763619991493
ูพุณุช,0.00045024763619991493
ูุธุฑุงุช,0.00045024763619991493
ฺฏููฺฏ,0.00045024763619991493
ูุฑู,0.00045024763619991493
ุงููุฏ,0.00045024763619991493
ูพูุงุณ,0.00045024763619991493
ูุญูุฏ,0.00045024763619991493
ุจุงฺฉูุช,0.00045024763619991493
ูุฎุฑู,0.00045024763619991493
ุฎุฑุฏุงุฑ,0.00045024763619991493
ูฺฉุฑู,0.00045024763619991493
ุฎุฑุงุจู,0.00045024763619991493
ุงุณ,0.00045024763619991493
ุฑูุด,0.00045024763619991493
ุฏุงุดุช,0.00045024763619991493
ุฏูุช,0.00045024763619991493
ุฎุงู,0.00045024763619991493
ุงูู,0.00045024763619991493
ฺฉู,0.00045024763619991493
ุฎูุฏ,0.00045024763619991493
ูุชุฑ,0.00045024763619991493
ูุฏุฑ,0.00045024763619991493
ุญุงูุง,0.00045024763619991493
ูุทุงุจูุช,0.00045024763619991493
ุงุณุจุงุจ,0.00045024763619991493
ุญู,0.00045024763619991493
ุฑุถุงุช,0.00045024763619991493
ุงูฺฉ,0.00045024763619991493
ุงุนุชูุงุฏ,0.00045024763619991493
ุฏูุงุฑ,0.00045024763619991493
ูุงฺฉุชูุฑ,0.00045024763619991493
ฺฉุงูู,0.00045024763619991493
ุณุงุฒุจูุฏ,0.00045024763619991493
ุจุฏุณุชู,0.00045024763619991493
ููุช,0.00045024763619991493
ุจฺฉูุช,0.00045024763619991493
ุฏฺฏุฑ,0.00045024763619991493
ูพุงฺฉ,0.00045024763619991493
ุชูุฏุฏ,0.00045024763619991493
ุตูุฑุช,0.00045024763619991493
ุงุฎุชูุงู,0.00036019810895993195
ูุงุดููุง,0.00036019810895993195
ูุงุฑุฏ,0.00036019810895993195
ุจฺฏู,0.00036019810895993195
ูุจู,0.00036019810895993195
ูุฏุงุดุช,0.00036019810895993195
ุญุช,0.00036019810895993195
ุฏุฑุฌู,0.00036019810895993195
ูุฒุฎุฑูู,0.00036019810895993195
ุฏุฑุงูุช,0.00036019810895993195
ููุดู,0.00036019810895993195
ุจฺฏู,0.00036019810895993195
ุงุฒุด,0.00036019810895993195
ุจุงุดู,0.00036019810895993195
ุจุฏฺฉ,0.00036019810895993195
ู,0.00036019810895993195
ุจูุชุฑ,0.00036019810895993195
ุญุงูุธู,0.00036019810895993195
ุชุฑฺฉู,0.00036019810895993195
ููุงุจ,0.00036019810895993195
ุณุฑ,0.00036019810895993195
ุฏ,0.00036019810895993195
ุฌูุฑุงุจ,0.00036019810895993195
ูุฑูุด,0.00036019810895993195
ุจุฎุฑ,0.00036019810895993195
ุฎุฏุง,0.00036019810895993195
ุฎูุงูุด,0.00036019810895993195
ฺฉู,0.00036019810895993195
ฺฏุฑูุชู,0.00036019810895993195
ุง,0.00036019810895993195
ุฏุงุฑู,0.00036019810895993195
ุฑุงฺฏุงู,0.00036019810895993195
ูุฌูู,0.00036019810895993195
ูพุดุชุจุงู,0.00036019810895993195
ุฒุจุงู,0.00036019810895993195
ุชุงุจูู,0.00036019810895993195
ุชุบุฑ,0.00036019810895993195
ุฎูุดูุฒู,0.00036019810895993195
ุชุนุฏุงุฏ,0.00036019810895993195
ุงูุชุถุงุญู,0.00036019810895993195
ูุนูุง,0.00036019810895993195
ุณุงูู,0.00036019810895993195
ูพูุงุณุชฺฉ,0.00036019810895993195
ฺฉุจูุฑุฏ,0.00036019810895993195
ุจุฑูู,0.00036019810895993195
ฺฉูุชู,0.00036019810895993195
ููุณุงู,0.00036019810895993195
ููุทู,0.00036019810895993195
ุงูฺฉุงูุงุช,0.00036019810895993195
ุฑุฌุณุชุฑ,0.00036019810895993195
ุฎูุด,0.00036019810895993195
ุงูพู,0.00036019810895993195
ฺฉูฺฉ,0.00036019810895993195
ฺฉุงุฑุง,0.00036019810895993195
ฺุฑุงุบ,0.00036019810895993195
ฺฉุงุฑุจุฑุฏ,0.00036019810895993195
ุชุจูุบ,0.00036019810895993195
ุนูฺฉ,0.00036019810895993195
ุดุฑ,0.00036019810895993195
ุงุดุบุงูู,0.00036019810895993195
ุฎู,0.00036019810895993195
ุฏุฏู,0.00036019810895993195
ููุณ,0.00036019810895993195
ูุทุนุงุช,0.00036019810895993195
ุชุจูุช,0.00036019810895993195
ุณุฑุน,0.00036019810895993195
ุฑุฌุณุชุฑ,0.00036019810895993195
Mhnn,0.00036019810895993195
ุจุงุทุฑุด,0.00036019810895993195
ูฺฏู,0.00036019810895993195
ูุงุฏ,0.00036019810895993195
ฺฉูุณูู,0.00036019810895993195
ุจุฏูู,0.00036019810895993195
ุจูุฏูุฏ,0.00036019810895993195
ฺฉูฺฺฉ,0.00036019810895993195
ุจูู,0.00036019810895993195
ุงุณุชฺฉุฑ,0.00036019810895993195
ูุงูุชุช,0.00036019810895993195
ุฏุฑุฎุช,0.00036019810895993195
ูพุงุฒ,0.00036019810895993195
ุนู,0.00036019810895993195
ุฎุจุฑู,0.00036019810895993195
ุญูุงุช,0.00036019810895993195
ุงุดุชุจุงู,0.00036019810895993195
ุงุทููุงู,0.00036019810895993195
ฺฉูพ,0.00036019810895993195
ูุฎูุงุณุชู,0.00036019810895993195
ุจุฑุงู,0.00036019810895993195
ููพ,0.00036019810895993195
ูพุงุณุฎ,0.00036019810895993195
ูุฌู,0.00036019810895993195
ุงุนุชุฑุงุถ,0.00036019810895993195
ุณุฑฺฉุงุฑู,0.00036019810895993195
ฺฏุฑูู,0.00036019810895993195
ุณูุงูุช,0.00036019810895993195
ูุณูู,0.00036019810895993195
ูุธุงุฑุช,0.00036019810895993195
ุงุฑุฒูู,0.00036019810895993195
ุจุฑุง,0.00036019810895993195
ุจุฑู,0.00036019810895993195
ุณุช,0.00036019810895993195
ุฏุฑุณุช,0.00036019810895993195
ุฎูุดฺฏูู,0.00036019810895993195
ุชูููู,0.00036019810895993195
ุชุงุฎุฑ,0.00036019810895993195
ุงุฏุงุฑ,0.00036019810895993195
ุฌูุฑ,0.00036019810895993195
ุจุงูุงุด,0.00036019810895993195
ุฏุงุฑ,0.00036019810895993195
ูุงูุง,0.00036019810895993195
ุฏู,0.00036019810895993195
ุงูุฑ,0.00036019810895993195
ุชุญุฑู,0.00036019810895993195
ุชูุณุท,0.00036019810895993195
ุบูุท,0.00036019810895993195
ูุงุฑุถุงุช,0.00036019810895993195
ุฏูุณุช,0.00036019810895993195
ูุทูุฆู,0.00036019810895993195
ูุณุชู,0.00036019810895993195
ุงุฑุฒุงุจ,0.00036019810895993195
ูุดุฏู,0.00036019810895993195
ุฑูฺฏุจูุฏ,0.00036019810895993195
ุฎูุงูุดุง,0.00036019810895993195
ุฏฺฉุชุฑ,0.00036019810895993195
ุจุด,0.00036019810895993195
ุดูุน,0.00036019810895993195
ฺฉูุงูุจุฑุฏุงุฑ,0.00036019810895993195
ูุณุงู,0.00036019810895993195
ูุงููุฑ,0.00036019810895993195
ุณูุฎุชู,0.00036019810895993195
ุทูู,0.00036019810895993195
ุนุฏุฏ,0.00036019810895993195
ูุดุชุฑ,0.00036019810895993195
ูพุงู,0.00036019810895993195
ฺฉุด,0.00036019810895993195
ฺฉุงุด,0.00036019810895993195
ูฺ,0.00036019810895993195
ุฒูฺฏ,0.00036019810895993195
ุชุงุจู,0.00036019810895993195
ุฏุงุฑู,0.00036019810895993195
ูุฑู,0.00036019810895993195
ุงุทูุงุน,0.00036019810895993195
ุจูู,0.00036019810895993195
ฺฉูฺฺฉู,0.00036019810895993195
ุนุฑุถ,0.00036019810895993195
ุงุดุชุจุงูู,0.00036019810895993195
ูู,0.00036019810895993195
ุงุฑุงู,0.00036019810895993195
ูุฑุฌูุน,0.00036019810895993195
ุจูุฏุงุดุช,0.00036019810895993195
ุฎูุดู,0.00036019810895993195
ุฏุฑุจ,0.00036019810895993195
ุจุฑุงุด,0.00036019810895993195
ูุจูู,0.00036019810895993195
ุชูุถุญ,0.00036019810895993195
ฺฏุฑุฏ,0.00036019810895993195
ุฎุงููุด,0.00036019810895993195
ุจุงุฑ,0.00036019810895993195
ุนูุฑุถุง,0.00036019810895993195
ูุงููพ,0.00036019810895993195
ูพุงูู,0.00036019810895993195
ุณูุจ,0.00036019810895993195
ุฏุฑุณุชู,0.00036019810895993195
ุดุฑุช,0.00036019810895993195
ุช,0.00036019810895993195
ุฑุฏู,0.00036019810895993195
ูพุฑุงุฏ,0.00036019810895993195
ุณุงุฏู,0.00036019810895993195
ูุฏุณุช,0.00036019810895993195
ุญุฏ,0.00036019810895993195
ุชููู,0.00036019810895993195
ุฑู,0.00036019810895993195
ูุนูุจ,0.00036019810895993195
ูู,0.00036019810895993195
ุจุตุฑูู,0.00036019810895993195
ูุชูุณุท,0.00036019810895993195
ุฎูุฏุด,0.00036019810895993195
ูููู,0.00036019810895993195
ูููุงุฒ,0.00036019810895993195
ููุช,0.00036019810895993195
ุฏููุฏู,0.00036019810895993195
ฺฏุฑุงููุฑูุด,0.00036019810895993195
ุงุณูุด,0.00036019810895993195
ุจุงููพุฑ,0.00036019810895993195
ูุงูุฏ,0.00036019810895993195
ูุงุฒู,0.00036019810895993195
ฺฏูุชู,0.00036019810895993195
ุฎูุฑุฏ,0.00036019810895993195
ุงูุตุงู,0.00036019810895993195
ูุฒูู,0.00036019810895993195
ุงูุฑูุฒ,0.00036019810895993195
ุฏุงุดุชู,0.00036019810895993195
ุทูุง,0.00036019810895993195
ููุงุฒู,0.00036019810895993195
ููุง,0.00036019810895993195
ุฎูุฏู,0.00036019810895993195
ูุฎุฑุฏู,0.00036019810895993195
ููุชุฑ,0.00036019810895993195
ูุฑู,0.00036019810895993195
ุฒูุฏ,0.00036019810895993195
ฺฉุณ,0.00036019810895993195
ุนฺฉุณุด,0.00036019810895993195
ูุณุชุด,0.00036019810895993195
ุณูุฏ,0.00036019810895993195
ฺฉุงุฑุชู,0.00036019810895993195
EK,0.00036019810895993195
ูุทุฑ,0.00036019810895993195
ูฺฏูุฏุงุฑูุฏู,0.00036019810895993195
ุชูุธู,0.00027014858171994896
ุชุฑุงุฒู,0.00027014858171994896
ุจุฑุงู,0.00027014858171994896
ุชุฎุตุตู,0.00027014858171994896
ุงููุงุน,0.00027014858171994896
Gemei,0.00027014858171994896
ุฎุฑุฏู,0.00027014858171994896
ุฏุณุชูุงู,0.00027014858171994896
ููฺฉุฑุฏ,0.00027014858171994896
ุตุฏุง,0.00027014858171994896
ุทุฑู,0.00027014858171994896
ููุงุจู,0.00027014858171994896
ุตุฏุง,0.00027014858171994896
ุชููู,0.00027014858171994896
ุณุงูุชุง,0.00027014858171994896
ุจุงุฑุจุงุฑุง,0.00027014858171994896
ููุงู,0.00027014858171994896
ูุนุงุจ,0.00027014858171994896
ุจุงูุงุชุฑ,0.00027014858171994896
ุจุฎูุฑ,0.00027014858171994896
ูุฏ,0.00027014858171994896
ุนุงูู,0.00027014858171994896
ุจุฑูุฌ,0.00027014858171994896
ุงุฑุงู,0.00027014858171994896
ูุถุง,0.00027014858171994896
ุจู,0.00027014858171994896
ุดุฑู,0.00027014858171994896
xbox,0.00027014858171994896
one,0.00027014858171994896
ุงููุฏ,0.00027014858171994896
ุฎูุงูุดู,0.00027014858171994896
ูุฑูุดูุฏฺฏุงู,0.00027014858171994896
ุฒุดุช,0.00027014858171994896
ุฎุฏุง,0.00027014858171994896
ุฑูุฌ,0.00027014858171994896
ูููู,0.00027014858171994896
ุงูู,0.00027014858171994896
ฺุทูุฑู,0.00027014858171994896
ูุธุฑุณูุฌ,0.00027014858171994896
ูุดูุฏ,0.00027014858171994896
ฺฉุชุงุจ,0.00027014858171994896
ุชูุฑู,0.00027014858171994896
ูพุงุณุฎฺฏู,0.00027014858171994896
ูุฒู,0.00027014858171994896
ุจุดุชุฑู,0.00027014858171994896
ูุงุดูุงุณ,0.00027014858171994896
ุบุฐุง,0.00027014858171994896
ุณฺฏ,0.00027014858171994896
ฺฉูุช,0.00027014858171994896
ุชู,0.00027014858171994896
ุฏููุงู,0.00027014858171994896
ูฺฉุฑุฏู,0.00027014858171994896
ูพุฑุงูู,0.00027014858171994896
ูุงุชุงุฑ,0.00027014858171994896
ูุงุฑุณ,0.00027014858171994896
ุฑุณุฏฺฏ,0.00027014858171994896
ุฒุฏู,0.00027014858171994896
ุชุนูุถ,0.00027014858171994896
ุจุฑุฏุงุฑ,0.00027014858171994896
ุดฺฉู,0.00027014858171994896
ูฺุณุจู,0.00027014858171994896
ุงูู,0.00027014858171994896
ฺฉุงุฑ,0.00027014858171994896
ฺฉู,0.00027014858171994896
ูฺฏุฑุฏ,0.00027014858171994896
ุงูุจุชู,0.00027014858171994896
ูููุช,0.00027014858171994896
ุจููุชูุซ,0.00027014858171994896
ฺฉูู,0.00027014858171994896
ูุงฺ,0.00027014858171994896
ุงููุถุงุก,0.00027014858171994896
ุญุฑูู,0.00027014858171994896
ุฏุงูู,0.00027014858171994896
ููฺู,0.00027014858171994896
ฺฏุฐุงุดุชู,0.00027014858171994896
ุดุจฺฉู,0.00027014858171994896
ุฏฺฉูุฑ,0.00027014858171994896
smart,0.00027014858171994896
ุชููพ,0.00027014858171994896
ุชุงุจุงู,0.00027014858171994896
ูพุงุฑุณุงู,0.00027014858171994896
ุฏููู,0.00027014858171994896
ุฏูุด,0.00027014858171994896
ุฏุณุช,0.00027014858171994896
ุฑุงุญุช,0.00027014858171994896
ูุดฺฉูู,0.00027014858171994896
ููฺฉุง,0.00027014858171994896
ุชุงุซุฑ,0.00027014858171994896
ุณุงูุง,0.00027014858171994896
ุทุฑุงุญ,0.00027014858171994896
ุฏุฒุฏ,0.00027014858171994896
ูุชูุฑูู,0.00027014858171994896
ฺู,0.00027014858171994896
ฺฉุงุฑฺฉุฑุฏู,0.00027014858171994896
ูุดุฏู,0.00027014858171994896
ุฑูุชู,0.00027014858171994896
ูุดุฏ,0.00027014858171994896
ูุชุฎุตุต,0.00027014858171994896
ฺฏูุดู,0.00027014858171994896
ุฒุจุงุณุช,0.00027014858171994896
ุชุฑู,0.00027014858171994896
ุฌุงู,0.00027014858171994896
ุงุจ,0.00027014858171994896
ูุณุช,0.00027014858171994896
ูุดูู,0.00027014858171994896
ุงููุง,0.00027014858171994896
ูููุฏ,0.00027014858171994896
ุนุฏุฏ,0.00027014858171994896
ฺุณุจ,0.00027014858171994896
ุฎูุฑุฏู,0.00027014858171994896
ฺฏุฐุงุฑ,0.00027014858171994896
ุฑุฌุณุชุฑ,0.00027014858171994896
ฺฉุฏ,0.00027014858171994896
ุฏููุฏ,0.00027014858171994896
ููุชุธุฑู,0.00027014858171994896
ุณูุชู,0.00027014858171994896
ุงุณูพฺฉุฑ,0.00027014858171994896
ูุฎุฑู,0.00027014858171994896
ุฏููู,0.00027014858171994896
ููุงุณู,0.00027014858171994896
ุงูุชุงุฏู,0.00027014858171994896
ุญุงู,0.00027014858171994896
ุนุฌุจ,0.00027014858171994896
ุจุฏููู,0.00027014858171994896
ฺุงูู,0.00027014858171994896
ฺฉุฏูู,0.00027014858171994896
ฺุทูุฑ,0.00027014858171994896
ูุตุฏ,0.00027014858171994896
ูุฑุฎ,0.00027014858171994896
ููุด,0.00027014858171994896
ููุฑู,0.00027014858171994896
ุชูุณุชุฑ,0.00027014858171994896
ุจุฒุฑฺฏ,0.00027014858171994896
ุขุฎู,0.00027014858171994896
ุฒูุฑุง,0.00027014858171994896
ูฺุด,0.00027014858171994896
ฺุทูุฑ,0.00027014858171994896
ุจุฑุฏุงุดุชู,0.00027014858171994896
ูุชูฺฏ,0.00027014858171994896
ูุฒฺฉ,0.00027014858171994896
ุชูู,0.00027014858171994896
ููู,0.00027014858171994896
ุฏุฑุฌ,0.00027014858171994896
ุธุฑูุช,0.00027014858171994896
ูุงูุนุด,0.00027014858171994896
ฺูุงุฑ,0.00027014858171994896
ูุนู,0.00027014858171994896
ูพุงุฏู,0.00027014858171994896
ููุฒ,0.00027014858171994896
ูฺฉุฑุฏู,0.00027014858171994896
ูุฏููู,0.00027014858171994896
ฺฉุฑุฏู,0.00027014858171994896
ุถุฑุฑ,0.00027014858171994896
ููุฑ,0.00027014858171994896
ููฺฉูู,0.00027014858171994896
ุงูุฌุงู,0.00027014858171994896
ุชูุฌู,0.00027014858171994896
ุตูุช,0.00027014858171994896
ุฑุฌุณุชุฑ,0.00027014858171994896
ุฎุงฺฉ,0.00027014858171994896
ฺฺฉ,0.00027014858171994896
ุจฺฏุฑู,0.00027014858171994896
ฺฉูุจูุฏ,0.00027014858171994896
ูุญุชูุงุช,0.00027014858171994896
ุฏูุฎุช,0.00027014858171994896
ูพุฑุฏุงุฎุช,0.00027014858171994896
ุงุณูุณ,0.00027014858171994896
ูุฑุฌูุนุด,0.00027014858171994896
ุฒุฏุฏ,0.00027014858171994896
ููู,0.00027014858171994896
ููุขู,0.00027014858171994896
ุงูุฑฺฉุง,0.00027014858171994896
ุฎูุฏุฑู,0.00027014858171994896
ููฺฉู,0.00027014858171994896
ุญุณุงุจ,0.00027014858171994896
ูุฌูุฏ,0.00027014858171994896
ุฏุฑุฎูุงุณุช,0.00027014858171994896
ูฺฉูู,0.00027014858171994896
ุฎูุฑู,0.00027014858171994896
ุณุฑ,0.00027014858171994896
ููุฑุงู,0.00027014858171994896
ูุงู,0.00027014858171994896
ูพฺฉุฌ,0.00027014858171994896
ุณุฑู,0.00027014858171994896
ุฑูุช,0.00027014858171994896
ุณุณุชู,0.00027014858171994896
ูุฏุฑุช,0.00027014858171994896
ุญุณู,0.00027014858171994896
ูพู,0.00027014858171994896
ุงุณุชุฑ,0.00027014858171994896
ุชุฑฺฉุจ,0.00027014858171994896
ููุทู,0.00027014858171994896
ุทุจุน,0.00027014858171994896
ูพุงุดุง,0.00027014858171994896
ุฑูุชู,0.00027014858171994896
ุจฺู,0.00027014858171994896
ุจูุฌู,0.00027014858171994896
ูุตู,0.00027014858171994896
ุงุฑุฒุฏ,0.00027014858171994896
ูพุฑ,0.00027014858171994896
ูู,0.00027014858171994896
ุงูุง,0.00027014858171994896
ุจุฒุฑฺฏุชุฑ,0.00027014858171994896
ุฑุงู,0.00027014858171994896
ุจูุฏุงุฒู,0.00027014858171994896
ูุฌุฏ,0.00027014858171994896
ูพุดูููู,0.00027014858171994896
ููุชุธุฑ,0.00027014858171994896
ูููููู,0.00027014858171994896
ุฏุฑฺฉู,0.00027014858171994896
ุฎุฌุงูุช,0.00027014858171994896
ุจฺฉุด,0.00027014858171994896
ุฏูุฏุงู,0.00027014858171994896
ูพุฑููุช,0.00027014858171994896
ุจูุด,0.00027014858171994896
ููุดฺฉ,0.00027014858171994896
ูุฑูุฒู,0.00027014858171994896
ุฒุฏู,0.00027014858171994896
ุฏูุชุง,0.00027014858171994896
ูพุฑู,0.00027014858171994896
ฺฏุฌ,0.00027014858171994896
ูฺฉุฑุฏ,0.00027014858171994896
ุขุจุงฺูุฑ,0.00027014858171994896
ุซุจุงุช,0.00027014858171994896
ูพุงุฑุณ,0.00027014858171994896
ุงูุชุถุงุญู,0.00027014858171994896
ุฏุฑ,0.00027014858171994896
ุฑูฺฏ,0.00027014858171994896
ููู,0.00027014858171994896
ูุฎุฑู,0.00027014858171994896
ุจฺฏู,0.00027014858171994896
ุจุฌุง,0.00027014858171994896
ุงูุฑุฌูุงู,0.00027014858171994896
ุฎุท,0.00027014858171994896
ฺฏุฑุจฺฉุณ,0.00027014858171994896
ุจุฎูุฏ,0.00027014858171994896
ุณุฑูุณ,0.00027014858171994896
ุจุงุฏ,0.00027014858171994896
ุจุฏู,0.00027014858171994896
ุฑูุจฺฉ,0.00027014858171994896
ุงูฺฏุดุชุฑ,0.00027014858171994896
ูุนูุง,0.00027014858171994896
ฺฏุฑู,0.00027014858171994896
ุฏุฑูุฒ,0.00027014858171994896
ูุดุฎุต,0.00027014858171994896
ุจุฑุฏ,0.00027014858171994896
ุทุฑุฒ,0.00027014858171994896
ููุฑุฏุงุฏ,0.00027014858171994896
ุงูุชูุงู,0.00027014858171994896
ุณุฎุชู,0.00027014858171994896
ูุทุน,0.00027014858171994896
ูุฑุงุฑ,0.00027014858171994896
ุจูุฏู,0.00027014858171994896
ุฌูุฏ,0.00027014858171994896
ุงู,0.00027014858171994896
ุขูุง,0.00027014858171994896
ุญูู,0.00027014858171994896
ุนุฌุจู,0.00027014858171994896
ุขุง,0.00027014858171994896
ูุชูุงูุชู,0.00027014858171994896
ุดูุงุฑู,0.00027014858171994896
ุชุจุฏู,0.00027014858171994896
OTG,0.00027014858171994896
ุชุฎุชู,0.00027014858171994896
ุชุบ,0.00027014858171994896
ููููุช,0.00027014858171994896
ุฑุฏุงุจ,0.00027014858171994896
ุชูุงุณ,0.00027014858171994896
ุฏููู,0.00027014858171994896
ฺฏูุดูุงุฑู,0.00027014858171994896
ูุงูุนุงู,0.00027014858171994896
ุชูุงุณุจ,0.00027014858171994896
ุฎุจ,0.00027014858171994896
ูููุฏู,0.00027014858171994896
ูุณุช,0.00027014858171994896
ุฑุฒ,0.00027014858171994896
ุฏฺุงุฑ,0.00027014858171994896
ูฺฉูู,0.00027014858171994896
ุฏูุฑุจู,0.00027014858171994896
honor,0.00027014858171994896
ุงูุฏูุงุฑู,0.00027014858171994896
ุฒูุฏุชุฑ,0.00027014858171994896
ููู,0.00027014858171994896
ุงููู,0.00027014858171994896
ุจุตูุฑุช,0.00027014858171994896
ุขูฺู,0.00027014858171994896
ุงุณูุงู,0.00027014858171994896
ุงู,0.00027014858171994896
ุงุจ,0.00027014858171994896
ุจุฑุงุจุฑ,0.00027014858171994896
ฺฉููู,0.00027014858171994896
ุฑุณุงู,0.00027014858171994896
ฺฉุงุบุฐ,0.00027014858171994896
ุณุทู,0.00027014858171994896
ฺฉูุฏฺฉ,0.00027014858171994896
ูุงุฑูุณ,0.00027014858171994896
ูพุงุงู,0.00027014858171994896
ููู,0.00027014858171994896
ุจุฏ,0.00027014858171994896
ุงุณุชุงูุฏุงุฑุฏ,0.00027014858171994896
ูุงุณฺฉ,0.00027014858171994896
ุจุฏุชุฑู,0.00027014858171994896
ุดุงฺฉ,0.00027014858171994896
ููููุน,0.00027014858171994896
ูุฑุด,0.00027014858171994896
ฺฏุฐุงุดุชู,0.00027014858171994896
ุณู,0.00027014858171994896
ุขูุชู,0.00027014858171994896
ุฎุงุฑุฌ,0.00027014858171994896
ุจุงุนุซ,0.00027014858171994896
ููุฏุงุฑ,0.00027014858171994896
ุณุงุฒูุฏู,0.00027014858171994896
ฺฺฉุงุฑ,0.00027014858171994896
ฺฉุฌุง,0.00027014858171994896
ุฌุงูุจู,0.00027014858171994896
ูุญุงุธ,0.00027014858171994896
ูฺฉุฑุฏู,0.00027014858171994896
ูู,0.00027014858171994896
ุงูุชุญุงู,0.00027014858171994896
ฺฉูุงู,0.00027014858171994896
ูุง,0.00027014858171994896
ุงูพ,0.00027014858171994896
ูุชููู,0.00027014858171994896
ฺุฌูุฑ,0.00027014858171994896
ฺฉูู,0.00027014858171994896
ูุดู,0.00027014858171994896
ูุดฺฉูุงุช,0.00027014858171994896
ูุงุฒ,0.00027014858171994896
ููฺฉูุฏ,0.00027014858171994896
ุฏููู,0.00027014858171994896
ุงูู,0.00027014858171994896
ุงูู,0.00027014858171994896
ุฒุจุง,0.00027014858171994896
ฺฉุงูุด,0.00027014858171994896
ุดุงุฑฺ,0.00027014858171994896
ูู,0.00027014858171994896
ุณูุฎุช,0.00027014858171994896
ุฌุฏุฏ,0.00027014858171994896
ููุชู,0.00027014858171994896
Htc,0.00027014858171994896
ุจุงูู,0.00027014858171994896
ุชุงูพ,0.00027014858171994896
ูฺฉูู,0.00027014858171994896
ููฺฉูุฏ,0.00027014858171994896
ูพูฺฉู,0.00027014858171994896
ุงุณูพุฑุณูุณุงุฒ,0.00027014858171994896
ุตูุฏู,0.00027014858171994896
ุงุง,0.00027014858171994896
ุจุงูุง,0.00027014858171994896
ุนุฑุถู,0.00027014858171994896
ุฏูุง,0.00027014858171994896
ุจุฎุฑู,0.00027014858171994896
ูุงูู,0.00027014858171994896
ููุตู,0.00027014858171994896
ุดุฏุช,0.00027014858171994896
ุฌูุน,0.00027014858171994896
ูุฏู,0.00027014858171994896
ุจุฒุงุฑู,0.00027014858171994896
ูููู,0.00027014858171994896
ูุฑุณุชุงุฏู,0.00027014858171994896
ุฏุฏู,0.00027014858171994896
ุถุนูู,0.00027014858171994896
ุตูุฑุช,0.00027014858171994896
ุฏูุจุงุฑ,0.00027014858171994896
ูู,0.00027014858171994896
ุบุฑุงุณุชุงูุฏุงุฑุฏ,0.00027014858171994896
ูพุงุฑู,0.00027014858171994896
ุญุฏุงูู,0.00027014858171994896
ูฺฉุฑุฏู,0.00027014858171994896
ููููู,0.00027014858171994896
ุฑุงูฺฉุงุฑ,0.00027014858171994896
ุจูุฏูุด,0.00027014858171994896
ฺฉูุงูุจุฑุฏุงุฑ,0.00027014858171994896
ููุงููฺฏ,0.00027014858171994896
ุจุฑูุงูู,0.00027014858171994896
ุฑฺ,0.00027014858171994896
ุจุญุซู,0.00027014858171994896
ูุงุณุชฺฉ,0.00027014858171994896
ููุดุชุงุฑ,0.00027014858171994896
ุงุดุชุฑุงฺฉ,0.00027014858171994896
ุฎุฑุฏู,0.00027014858171994896
ุณู,0.00027014858171994896
ฺฉุงุฑฺฉุฑุฏ,0.00027014858171994896
ููุฑ,0.00027014858171994896
ุนู,0.00027014858171994896
ฺุฑู,0.00027014858171994896
ุฎุฑุฏุงุฑู,0.00027014858171994896
ุฑูู,0.00027014858171994896
ุดุฑุญ,0.00027014858171994896
ุงูฺฏุฒุด,0.00027014858171994896
ูพูููพ,0.00027014858171994896
ูุฑุฏุงูู,0.00027014858171994896
ุจุฑุณู,0.00027014858171994896
ูุงู,0.00027014858171994896
ูุฎูุงูู,0.00027014858171994896
ุงููฺู,0.00027014858171994896
ุดฺฉุงุช,0.00027014858171994896
ูู,0.00027014858171994896
ุนูุช,0.00018009905447996597
ุชุฎุตุต,0.00018009905447996597
ุฌู,0.00018009905447996597
ูุฎุตูุต,0.00018009905447996597
ูพูุดููุงุฏ,0.00018009905447996597
ุงูฺฏูุฒ,0.00018009905447996597
ูุฑููฺฏู,0.00018009905447996597
ุชุนูพุฑุงุช,0.00018009905447996597
ุชุนูุฑุงุช,0.00018009905447996597
ฺฏุงูุฑ,0.00018009905447996597
ูุฏุฑู,0.00018009905447996597
ฺฏุฑููููู,0.00018009905447996597
ูููุฌุง,0.00018009905447996597
ุงุงุงุงุงุง,0.00018009905447996597
ฺฏููุงุฑ,0.00018009905447996597
ุงุฑ,0.00018009905447996597
awliiii,0.00018009905447996597
ุฃุตูุง,0.00018009905447996597
ููุดูุฏ,0.00018009905447996597
WK,0.00018009905447996597
STACCATO,0.00018009905447996597
boter,0.00018009905447996597
ุจุฎุฑู,0.00018009905447996597
ุงุฎุฑู,0.00018009905447996597
ูุฏูุด,0.00018009905447996597
ุฎุฑุงุจฺฉุงุฑ,0.00018009905447996597
ููฺฏ,0.00018009905447996597
ูุฎูุงู,0.00018009905447996597
ฺฉุช,0.00018009905447996597
ุดุงูุฑุฎ,0.00018009905447996597
ูุฑุงูฺฉ,0.00018009905447996597
ุนููุจ,0.00018009905447996597
ุชูุฑ,0.00018009905447996597
ฺฏุฑููุชุฑ,0.00018009905447996597
ุชุนุฌุจ,0.00018009905447996597
ูุตุจุช,0.00018009905447996597
ุณููฺฏ,0.00018009905447996597
ุณูุงูู,0.00018009905447996597
ุดูพูุฑ,0.00018009905447996597
ุชุฑ,0.00018009905447996597
me,0.00018009905447996597
ุณูุงูุช,0.00018009905447996597
ูุฑุฏู,0.00018009905447996597
ฺฉุณุจ,0.00018009905447996597
ุขูุฏ,0.00018009905447996597
ูพุงฺฉุณุชุงู,0.00018009905447996597
ุฏุฑุจุณุชู,0.00018009905447996597
ps,0.00018009905447996597
ูุฏุงุฑู,0.00018009905447996597
ุจุนุถุง,0.00018009905447996597
ฺฉูู,0.00018009905447996597
ุฏฺฉุชููู,0.00018009905447996597
ูุฑ,0.00018009905447996597
ููุฑูุดู,0.00018009905447996597
ุญุงูุฏ,0.00018009905447996597
ููุฏ,0.00018009905447996597
ูุงู,0.00018009905447996597
ุจุฑูุฏุงู,0.00018009905447996597
ูุนุฑููู,0.00018009905447996597
ุจุฑุงุจุฑ,0.00018009905447996597
ุจุงุฒู,0.00018009905447996597
ุฏูุณุชุงูู,0.00018009905447996597
ูู,0.00018009905447996597
ุดููุงุฑู,0.00018009905447996597
ุฎุฑูุฏู,0.00018009905447996597
ููุดู,0.00018009905447996597
ุจูุฑูุงููุฏ,0.00018009905447996597
ุถุฎุงูุชุด,0.00018009905447996597
ุดุงุฑูพูุณ,0.00018009905447996597
ุงฺฉุณโุจุงฺฉุณ,0.00018009905447996597
ูุงู,0.00018009905447996597
ุจุณุงุฑ,0.00018009905447996597
ุจุณุชฺฏ,0.00018009905447996597
ุฎูุฏุช,0.00018009905447996597
ุณุฑูุณู,0.00018009905447996597
ฺฉูุฏุฏุฏุฏุฏ,0.00018009905447996597
ูฺฉููู,0.00018009905447996597
ุนูฺฉู,0.00018009905447996597
ูุญุธ,0.00018009905447996597
ุจุงุดุฏ,0.00018009905447996597
ูุงุณุช,0.00018009905447996597
ุณูู,0.00018009905447996597
ููุฑุฏ,0.00018009905447996597
ุทุนู,0.00018009905447996597
ฺฏุฑุงูููุช,0.00018009905447996597
ูุซุจุช,0.00018009905447996597
ุงุฑุฑุด,0.00018009905447996597
ุจุดู,0.00018009905447996597
ุนุงุงุงุงู,0.00018009905447996597
ุนููฺฉุฑุฏ,0.00018009905447996597
ฺฉุงุฑุฎุงูู,0.00018009905447996597
ุฎูุฏุดูู,0.00018009905447996597
ูุฒุงุฑุชููุงูู,0.00018009905447996597
ูพูุณุชู,0.00018009905447996597
ููุฑูุฒ,0.00018009905447996597
ุงูฺฉุฑa,0.00018009905447996597
ุฌู,0.00018009905447996597
ุฌูุงุจฺฏู,0.00018009905447996597
ุชุญูู,0.00018009905447996597
ููุชุธุฑุด,0.00018009905447996597
ุงุณุชุงุฑุช,0.00018009905447996597
ูพุงุด,0.00018009905447996597
ููฺฉ,0.00018009905447996597
ฺฏูุฏู,0.00018009905447996597
ูุงฺฉู,0.00018009905447996597
ุฌฺฉุณูู,0.00018009905447996597
ุงุณูพุฑุช,0.00018009905447996597
ุฏุณุชููู,0.00018009905447996597
ุจฺุณุจู,0.00018009905447996597
ูุนุฏููู,0.00018009905447996597
ุฎุทุฑ,0.00018009905447996597
ูุงฺฉู,0.00018009905447996597
ฺฏุด,0.00018009905447996597
ุฎูุฏููู,0.00018009905447996597
ุขููุง,0.00018009905447996597
ูุฏ,0.00018009905447996597
ุงุดูุงู,0.00018009905447996597
ุชุจ,0.00018009905447996597
ูุฑู,0.00018009905447996597
ุงูุฑุฏูุด,0.00018009905447996597
ูุตูุด,0.00018009905447996597
ุงูุชุงุฏ,0.00018009905447996597
ุงูุฏุงุฎูุด,0.00018009905447996597
ุงุจููุถู,0.00018009905447996597
ฺูู,0.00018009905447996597
ุณุงูุฏูุฌ,0.00018009905447996597
ุดุดู,0.00018009905447996597
ุดูุฑ,0.00018009905447996597
allliiii,0.00018009905447996597
ูุนูุช,0.00018009905447996597
ุดุด,0.00018009905447996597
ฺฉูููู,0.00018009905447996597
ุขูุงุฑ,0.00018009905447996597
ุงูุชุถุงุน,0.00018009905447996597
ุฎุฑุงุจู,0.00018009905447996597
ุดฺฉ,0.00018009905447996597
ุงูุฏุงุฑู,0.00018009905447996597
ุนุฒุฒู,0.00018009905447996597
ูฺฉุฑุฏ,0.00018009905447996597
ุงุธูุงุฑ,0.00018009905447996597
ููุฑูุง,0.00018009905447996597
ูพูู,0.00018009905447996597
ููู,0.00018009905447996597
play,0.00018009905447996597
station,0.00018009905447996597
ุถูู,0.00018009905447996597
ุนุงู,0.00018009905447996597
ูุงูุง,0.00018009905447996597
ุชุงฺุด,0.00018009905447996597
ูุดุฏูุด,0.00018009905447996597
ุบุตู,0.00018009905447996597
ุงุชุตุงูุดู,0.00018009905447996597
ฺฉุณุง,0.00018009905447996597
ูุฎูุงู,0.00018009905447996597
ุฑูุด,0.00018009905447996597
ฺฉุฑุฏุง,0.00018009905447996597
ฺฏุงู,0.00018009905447996597
ุดูุงุฑุด,0.00018009905447996597
ุงูุงุด,0.00018009905447996597
ุจูุฏุฌู,0.00018009905447996597
ุฎูุงู,0.00018009905447996597
ุจูุฏู,0.00018009905447996597
ุจุฐุงุฑู,0.00018009905447996597
ูุฑุฒุจ,0.00018009905447996597
ุณููู,0.00018009905447996597
ฺฏูุดู,0.00018009905447996597
ุงูููู,0.00018009905447996597
ุชุญูู,0.00018009905447996597
ุงูุงู,0.00018009905447996597
ููุณู,0.00018009905447996597
ุฏูุจุงู,0.00018009905447996597
ฺฏุฑุฏู,0.00018009905447996597
ุชุฑุฎุฏุง,0.00018009905447996597
๐คฉ๐คฉ๐๐๐,0.00018009905447996597
ฺฏูุฏุฑุงู,0.00018009905447996597
ุฏูุงู,0.00018009905447996597
ุงูุฑุฌูุงู,0.00018009905447996597
ุจุงฺฉูุชู,0.00018009905447996597
ูุชูฺฉุดู,0.00018009905447996597
ุฑุถุง,0.00018009905447996597
ุชููุน,0.00018009905447996597
ุงุฌูุงุณ,0.00018009905447996597
ูุงููุงุฑ,0.00018009905447996597
ุฑููุฏุงุดุชู,0.00018009905447996597
ุฏูฺุฑุฎู,0.00018009905447996597
ุจูููููุช,0.00018009905447996597
ูุฑฺฏุฒ,0.00018009905447996597
ูุชุญ,0.00018009905447996597
ููุฒู,0.00018009905447996597
ูุงุฒูู,0.00018009905447996597
ูุญุดุฑู,0.00018009905447996597
ุจุงุจุงุงุงุงุงุงุง,0.00018009905447996597
ูพุชฺ,0.00018009905447996597
ุฌู,0.00018009905447996597
ูุฏูุฏุง,0.00018009905447996597
ุจุฏูุด,0.00018009905447996597
ูุงุฒฺฉู,0.00018009905447996597
ฺฉุดูู,0.00018009905447996597
ฺฏูุดู,0.00018009905447996597
ุฏููุจุงุฒู,0.00018009905447996597
ุฎูุฏุฏุงู,0.00018009905447996597
ุชููู,0.00018009905447996597
ุงุฌุจุงุฑ,0.00018009905447996597
๐๐๐๐๐,0.00018009905447996597
ฺฏุฐุงุฑ,0.00018009905447996597
ูุดูฺฏุด,0.00018009905447996597
ูุญฺฉูุด,0.00018009905447996597
ุณุฏุฏ,0.00018009905447996597
ฺฏุณุชุฑุงู,0.00018009905447996597
ูุฐุฎุฑูู,0.00018009905447996597
ูพุงุณุฎฺฏู,0.00018009905447996597
ุณุชุงุฑู,0.00018009905447996597
ุขุจฺฺฉุงู,0.00018009905447996597
ุขุฑูุง,0.00018009905447996597
ุงฺฉุจูุฏ,0.00018009905447996597
ุฑุฌุณุชุฑ,0.00018009905447996597
ฺฏุฑููู๐ฉ๐คฏ,0.00018009905447996597
ูุถุฎุฑูู,0.00018009905447996597
PSุฑูุจู,0.00018009905447996597
ูููุชูุฑู,0.00018009905447996597
ูุงูู,0.00018009905447996597
ูุงููู,0.00018009905447996597
ฺฏูุช,0.00018009905447996597
ุฏุณุชฺฏุงูุช,0.00018009905447996597
ูพุณูุฑุณุชุงุฏูุด,0.00018009905447996597
ุงูุฏ,0.00018009905447996597
ูุงุฑู,0.00018009905447996597
ุฏุฑุณุชุด,0.00018009905447996597
ุงุฑุฏ,0.00018009905447996597
ุนุงูุจ,0.00018009905447996597
red,0.00018009905447996597
dead,0.00018009905447996597
ูุทุงุจู,0.00018009905447996597
ูุงูุฑ,0.00018009905447996597
ูู,0.00018009905447996597
ูุฏุงุฑู,0.00018009905447996597
ูุฎุง,0.00018009905447996597
ฺฏูุดู,0.00018009905447996597
ฺฏูฺฏู,0.00018009905447996597
ูุณุจูฺฉ,0.00018009905447996597
ูุงูุชู,0.00018009905447996597
ูุทุงูุจ,0.00018009905447996597
ุจุฎูุงูุฏ,0.00018009905447996597
ูุงูุงู,0.00018009905447996597
ุฏููุชุดุงู,0.00018009905447996597
ุนุงููุงููู,0.00018009905447996597
ููุฏุฐุฑ,0.00018009905447996597
ูพุณุชุด,0.00018009905447996597
ูุฎุฑุฏู,0.00018009905447996597
PS,0.00018009905447996597
ุดููุงุฑ,0.00018009905447996597
ุฏููพุง,0.00018009905447996597
ุจุฎุตูุต,0.00018009905447996597
ูุฑุฒุด,0.00018009905447996597
ุฏุฑูุณุช,0.00018009905447996597
ุฎุฑุฏูุฑุงุฑุฏูุฏ,0.00018009905447996597
ูุช,0.00018009905447996597
ุญูุง,0.00018009905447996597
ุดูุง,0.00018009905447996597
ุฎุงูู,0.00018009905447996597
ุฑุฌุจ,0.00018009905447996597
ฺฏุงุฒ,0.00018009905447996597
ุฏูู,0.00018009905447996597
ูพุฑุชุฑู,0.00018009905447996597
ูุจูฺฉู,0.00018009905447996597
ฺฏุฑูุช,0.00018009905447996597
ููุฌู,0.00018009905447996597
ุชุฏุฑุณ,0.00018009905447996597
ุดุงุฑฺุจุณู,0.00018009905447996597
ุงุณฺฉุช,0.00018009905447996597
ูุทุฑ,0.00018009905447996597
ูุนุงูุณุงุฒ,0.00018009905447996597
ุจุฒุงุฑูุด,0.00018009905447996597
ูพูุฑ,0.00018009905447996597
ุจู,0.00018009905447996597
ุฑุงูฺฉ,0.00018009905447996597
ููุณุชุงูฺ,0.00018009905447996597
ุฒูุฏฺฏ,0.00018009905447996597
ูุญุฏุซู,0.00018009905447996597
ูู,0.00018009905447996597
ุฑูฺฏูุง,0.00018009905447996597
ุฎุฏุงฺฉูู,0.00018009905447996597
ุจุงุดู๐ญ๐ญ,0.00018009905447996597
ููุงู,0.00018009905447996597
ุฎุงุตู,0.00018009905447996597
ูุฏุง,0.00018009905447996597
ูุงุณ,0.00018009905447996597
ุจู,0.00018009905447996597
ูุนุงู,0.00018009905447996597
What,0.00018009905447996597
ุฎุฎุฎ,0.00018009905447996597
ูุง,0.00018009905447996597
ุงูุง,0.00018009905447996597
ููุงุฌุฑุงู,0.00018009905447996597
ูุฌุจูุฑ,0.00018009905447996597
ุจฺฏ,0.00018009905447996597
ูุงููุง,0.00018009905447996597
ฺฉุฑูุฒู,0.00018009905447996597
ุจุฒุงูุณ,0.00018009905447996597
ุณูุดุฑุช,0.00018009905447996597
ูุฌุงูู,0.00018009905447996597
ูพูุดุขุฑุง,0.00018009905447996597
ฺฏููุง,0.00018009905447996597
ูุชู,0.00018009905447996597
ุงฺฏูู,0.00018009905447996597
ุดฺฏูุช,0.00018009905447996597
ุณุงุน,0.00018009905447996597
ุชุดุฑุช,0.00018009905447996597
ุจุฑุฏู,0.00018009905447996597
ูุฒุงุฑุชูููู,0.00018009905447996597
ููุชุงุด,0.00018009905447996597
ุงุชูุงู,0.00018009905447996597
ุฏุงุดุชู,0.00018009905447996597
ูุธุงุฑุช,0.00018009905447996597
ุญุงุถุฑุจุฑูู,0.00018009905447996597
ุญุฏูุฏุง,0.00018009905447996597
ุณุงุฒูุงู,0.00018009905447996597
ููุจุฑ,0.00018009905447996597
ฺฉุดูุฑู,0.00018009905447996597
ููุฏ,0.00018009905447996597
ูููู,0.00018009905447996597
ุจููุณุฏ,0.00018009905447996597
ฺฏูู,0.00018009905447996597
ูุฌูุฏุช,0.00018009905447996597
ูุงูุงุช,0.00018009905447996597
ุบุฐุง,0.00018009905447996597
ููุฑูุฏูfpb,0.00018009905447996597
ููพุชุงูพู,0.00018009905447996597
ูุงุช,0.00018009905447996597
ุฏูุฏ,0.00018009905447996597
ูุงูุชุนุงุฑู,0.00018009905447996597
LG,0.00018009905447996597
ุขูู,0.00018009905447996597
ุดฺฉูู,0.00018009905447996597
ุงูุทูุฑ,0.00018009905447996597
ุฏุงุฑูุด,0.00018009905447996597
ุงุตู,0.00018009905447996597
ููุฑุณุชุงุฏ,0.00018009905447996597
ูุฑุณุชุงุฏ,0.00018009905447996597
ุจุฑุงุชูู,0.00018009905447996597
ููุฐูุฑ,0.00018009905447996597
ูุญุงุณุจู,0.00018009905447996597
ููุชุงุดูุจุฒูู,0.00018009905447996597
ูุชููุณู,0.00018009905447996597
ูุนุงูุด,0.00018009905447996597
ูพฺฉ,0.00018009905447996597
ฺฉุฑุจู,0.00018009905447996597
ฺฉุงุฑู,0.00018009905447996597
ุญุฐู,0.00018009905447996597
ุงุจุนุงุฏ,0.00018009905447996597
ูพุฑุฏุงุฒูุฏู,0.00018009905447996597
ุชููุจู,0.00018009905447996597
ููุงุช,0.00018009905447996597
ููุชูุง,0.00018009905447996597
ุงูุชูุงุจ,0.00018009905447996597
ุจุงูุฑ,0.00018009905447996597
ุดุงุฑฺุฑ,0.00018009905447996597
ุงุฑุงุฏุงุช,0.00018009905447996597
ุงู,0.00018009905447996597
ูพูุฌ,0.00018009905447996597
ุฌฺฉ,0.00018009905447996597
ุงุชููุงุช,0.00018009905447996597
ฺฉุชุฑุจุฑุฏ,0.00018009905447996597
ุงุฏุฑุณ,0.00018009905447996597
ุงูู,0.00018009905447996597
ูููููabasalt,0.00018009905447996597
gmail,0.00018009905447996597
com,0.00018009905447996597
ุงุตูู,0.00018009905447996597
ุจุงฺุฒ,0.00018009905447996597
ููุฑุณุชุฏูุฑู,0.00018009905447996597
ฺฉุงุฑู,0.00018009905447996597
ุฏูุณุชููู,0.00018009905447996597
ููุฑูุงูุฏ,0.00018009905447996597
ุงุญุชูุงูุง,0.00018009905447996597
ูฺฏุงู,0.00018009905447996597
Risk,0.00018009905447996597
ูุณุฆููุงู,0.00018009905447996597
ูููุทูุงุชูู,0.00018009905447996597
ูุฑุณููู,0.00018009905447996597
ุงูุณูุณ,0.00018009905447996597
ูุฎูุฑู,0.00018009905447996597
ูฺฉูู,0.00018009905447996597
ฺฉุงุฑุง,0.00018009905447996597
ููุชุดู,0.00018009905447996597
ุณูุงุฑุดุงุช,0.00018009905447996597
ูุจูุด,0.00018009905447996597
ุชุณุช,0.00018009905447996597
ุชููุน,0.00018009905447996597
ุฌูุฑู,0.00018009905447996597
ูพุดููุงุฏููฺฉูู,0.00018009905447996597
ุฌุงุฏุงุฑ,0.00018009905447996597
ุจุงุดฺฏุงู,0.00018009905447996597
ูุณุจุชุง,0.00018009905447996597
ุขูุฑx,0.00018009905447996597
ูุงุดู,0.00018009905447996597
ฺูฺฏุงู,0.00018009905447996597
ููุญูุฏ,0.00018009905447996597
ุงูุชุฑูุช,0.00018009905447996597
ุตุฏุงูุช,0.00018009905447996597
ููุงุจู,0.00018009905447996597
ุฏุงุฑ,0.00018009905447996597
ููุฑูุด,0.00018009905447996597
note,0.00018009905447996597
ุฌุจุฑุงู,0.00018009905447996597
ุฎุณุงุฑุช,0.00018009905447996597
ุฏุฑูุบฺฏู,0.00018009905447996597
ุฑููุฏ,0.00018009905447996597
ุณุฑุชูู,0.00018009905447996597
ุจูฺฉู,0.00018009905447996597
ูุฏู,0.00018009905447996597
ฺฉูุชู,0.00018009905447996597
ุชูุฒุน,0.00018009905447996597
ููุต,0.00018009905447996597
ููู,0.00018009905447996597
ุณุงูู,0.00018009905447996597
ูุชูุงุฑุชู,0.00018009905447996597
ุฏุฑุงู,0.00018009905447996597
DVD,0.00018009905447996597
ุงูุชุฑูุงู,0.00018009905447996597
DRW,0.00018009905447996597
DMT,0.00018009905447996597
ูุจู,0.00018009905447996597
ุจุฎูุงู,0.00018009905447996597
ุจุฑู,0.00018009905447996597
ฺฉูุฏ,0.00018009905447996597
ูุงุน,0.00018009905447996597
ูุงูุฏุงูุง,0.00018009905447996597
ูุช,0.00018009905447996597
tvููููููู,0.00018009905447996597
ุฏููุช,0.00018009905447996597
ุฑุฏู,0.00018009905447996597
ุชูู,0.00018009905447996597
ุณูุจุงู,0.00018009905447996597
ุญุฑุงุฑุช,0.00018009905447996597
ุชุฎูู,0.00018009905447996597
ุงุฌูู,0.00018009905447996597
ุงูฺฏูุง,0.00018009905447996597
ูุฏูTF,0.00018009905447996597
CP,0.00018009905447996597
Plus,0.00018009905447996597
Max,0.00018009905447996597
ุงูฺฉู,0.00018009905447996597
ฺฏูุดุด,0.00018009905447996597
ุงุจุชู,0.00018009905447996597
ุงุณุชูุฑ,0.00018009905447996597
ูุฏู,0.00018009905447996597
ูุงุดูู,0.00018009905447996597
ูุงุณูู,0.00018009905447996597
ุฏู,0.00018009905447996597
ุชุดุฎุต,0.00018009905447996597
ุฏุฑูู,0.00018009905447996597
ุจุงุดุฏ,0.00018009905447996597
ุจุฎูุฏู,0.00018009905447996597
ุฎุจุฑ,0.00018009905447996597
ุฑุงุช,0.00018009905447996597
ูุจูุฏู,0.00018009905447996597
ุนุจ,0.00018009905447996597
ูพุฏุง,0.00018009905447996597
ุชูุฑ,0.00018009905447996597
ุฏุงุดุชู,0.00018009905447996597
ุจฺฏุฑู,0.00018009905447996597
ุงูุชุถุงุฎ,0.00018009905447996597
ููุงุจ,0.00018009905447996597
ููููู,0.00018009905447996597
ุทุงูุจ,0.00018009905447996597
ูฺฉูโ,0.00018009905447996597
ูพูุฌุงู,0.00018009905447996597
ูููู,0.00018009905447996597
ุงุฎุฑุช,0.00018009905447996597
ุฏูุณุงู,0.00018009905447996597
ุญูุจ,0.00018009905447996597
ูพุดุฑูุช,0.00018009905447996597
ุชฺฉููููฺ,0.00018009905447996597
ูุฏู,0.00018009905447996597
ฺฏู,0.00018009905447996597
ูุฑุงุฑ,0.00018009905447996597
ููู,0.00018009905447996597
ุชูุฌู,0.00018009905447996597
ูุจุงุดุฏ,0.00018009905447996597
ุณุคุงู,0.00018009905447996597
ูพุงุฑฺู,0.00018009905447996597
ุตูุฑ,0.00018009905447996597
ุนุจุฏุงููู,0.00018009905447996597
ุชูโูพุดููุงุฏ,0.00018009905447996597
ูุฑุงุฑุด,0.00018009905447996597
ฺฉู,0.00018009905447996597
ฺฏู,0.00018009905447996597
ุฎุฑุงุณุงู,0.00018009905447996597
ุฑุถู,0.00018009905447996597
ูุดูุฏ,0.00018009905447996597
ุฎุงุจุงู,0.00018009905447996597
ุจูุฌุชฺฉูุฌู,0.00018009905447996597
ูุงุชู,0.00018009905447996597
ูพูุงฺฉ,0.00018009905447996597
ุชูุงุถุง,0.00018009905447996597
ุฌุฐุงุจู,0.00018009905447996597
ฺฉููุฌุงุฑ,0.00018009905447996597
ุจุฒุงุฑุฏุด,0.00018009905447996597
ฺฉูููพูุงู,0.00018009905447996597
ุชูุฑุจุง,0.00018009905447996597
ุงุณููุงุฌ,0.00018009905447996597
ุณุจุฒ,0.00018009905447996597
ุฎูุฑุฏู,0.00018009905447996597
ุจุงูุงุชุฑู,0.00018009905447996597
ุฌูุณุง,0.00018009905447996597
ููุฑูโุดู,0.00018009905447996597
ูุจุณุงุฑ,0.00018009905447996597
ุดุฏูููู,0.00018009905447996597
ููู,0.00018009905447996597
ุฎุฑุฏุงุฑ,0.00018009905447996597
ูพุงุฑุณุง,0.00018009905447996597
ุงุณูุงุฑุช,0.00018009905447996597
ุดุงูู,0.00018009905447996597
ู,0.00018009905447996597
ููุทู,0.00018009905447996597
ุฌู,0.00018009905447996597
GM,0.00018009905447996597
ุงุฒุจุงุชูุฑ,0.00018009905447996597
ุฌุง,0.00018009905447996597
ูุฑุณุฏ,0.00018009905447996597
ฺุฑุงุฌูุณ,0.00018009905447996597
ุฎุฑุงุจููุงูุจ,0.00018009905447996597
ูููฺฉุช,0.00018009905447996597
ุงุฑุณุงูู,0.00018009905447996597
ูุงุฏุณุฑุน,0.00018009905447996597
ูพุณุชู,0.00018009905447996597
ูุฑุงุฑูฺฉูู,0.00018009905447996597
ุจุจูู,0.00018009905447996597
ฺุฒุฎูุจ,0.00018009905447996597
ุขูพุฏุช,0.00018009905447996597
ฺูุณุงุนุช,0.00018009905447996597
ููุชุดู,0.00018009905447996597
ุฌุฑุงู,0.00018009905447996597
ูพุฑูุชุฆู,0.00018009905447996597
ูุดฺฏู,0.00018009905447996597
ุชุฑุชุจ,0.00018009905447996597
ุงุนุฏุงุฏ,0.00018009905447996597
ฺฉุงูุงููุง,0.00018009905447996597
ูุฑุณููุงุช,0.00018009905447996597
ุชุนุฒุฑุงุช,0.00018009905447996597
ฺฉุฌุงุณ,0.00018009905447996597
ุจุจูู,0.00018009905447996597
As,0.00018009905447996597
it,0.00018009905447996597
should,0.00018009905447996597
be,0.00018009905447996597
artmaster,0.00018009905447996597
ูุฒุงุฑุชุง,0.00018009905447996597
ูุฑุงุฑุฏุงุฏ,0.00018009905447996597
ูุจูุฏ,0.00018009905447996597
ุงูุฌูุฑู,0.00018009905447996597
ุฒุฏู,0.00018009905447996597
ูุงุท,0.00018009905447996597
ุดฺฉุณุชฺฏ,0.00018009905447996597
ุฌุจ,0.00018009905447996597
ฺฉูุชุง,0.00018009905447996597
ุฎูุงู,0.00018009905447996597
ูุฎุฑุฏุด,0.00018009905447996597
ุงุญุชุฑุงู,0.00018009905447996597
ุนููฺฉุฑุช,0.00018009905447996597
ุขูู,0.00018009905447996597
ูููโุงูุนุงุฏู,0.00018009905447996597
ุงุณุชุงูุฏุงุฑุฏู,0.00018009905447996597
ููุชูุง,0.00018009905447996597
ุจุงุฏ,0.00018009905447996597
ุงูฺฏุงุฑ,0.00018009905447996597
ุชููุง,0.00018009905447996597
ูุฒุช,0.00018009905447996597
ุญุงุดู,0.00018009905447996597
ูุธุงู,0.00018009905447996597
ุณูู,0.00018009905447996597
ุจุฑูุดูุฑ,0.00018009905447996597
ูุดูฺฏ,0.00018009905447996597
ฺฏูฺฉุณ,0.00018009905447996597
ูุฒู,0.00018009905447996597
ูฺฏุฑูุชู,0.00018009905447996597
ุณุจุฒูุจุง,0.00018009905447996597
ูุฑูุฒุด,0.00018009905447996597
ุชฺฉู,0.00018009905447996597
ูุดฺฉโู,0.00018009905447996597
ููุชุดููููู,0.00018009905447996597
ูุฏุงุฏู,0.00018009905447996597
ููฺฉุงุฑุดูู,0.00018009905447996597
ุฏูุงุน,0.00018009905447996597
ูฺฉูู,0.00018009905447996597
ุขูุชุงุจ,0.00018009905447996597
ุจูุชุฑุงุฒ,0.00018009905447996597
ุชุฑูุฎุฏุง,0.00018009905447996597
Under,0.00018009905447996597
Armor,0.00018009905447996597
ูพูุง,0.00018009905447996597
ุจุฏุชุฑฺฉุจ,0.00018009905447996597
ุงููุตุง,0.00018009905447996597
ูุฑุงุฑ,0.00018009905447996597
ุงุณูพุงุฏุฑ,0.00018009905447996597
ูพููุงุฏ,0.00018009905447996597
ุชฺฉูู,0.00018009905447996597
ุดู,0.00018009905447996597
ูุงุฒ,0.00018009905447996597
ฺฉุชุงุจู,0.00018009905447996597
ุงูููุช,0.00018009905447996597
ุงุจุฏุง,0.00018009905447996597
ูพฺู,0.00018009905447996597
ูุฑูุจ,0.00018009905447996597
ูููุฏู,0.00018009905447996597
ูพุฑุฏู,0.00018009905447996597
ุงูุฑุฏู,0.00018009905447996597
ูุฎูุฑุฏู,0.00018009905447996597
ูุทูุงุฏุฑูพุดููุงุฏูฺู,0.00018009905447996597
ูุฑุงุฑุจุฏุฏ,0.00018009905447996597
ุชุฑุฏูุชุงุฒู,0.00018009905447996597
ููููุด,0.00018009905447996597
ูพุงูู,0.00018009905447996597
Mahta,0.00018009905447996597
ุถุฑุจู,0.00018009905447996597
ฺฏุฑฺฉูฺฉ,0.00018009905447996597
ุงูฺฉุฑ,0.00018009905447996597
ุฌูุด,0.00018009905447996597
ููุฑูุง,0.00018009905447996597
Actipur,0.00018009905447996597
Light,0.00018009905447996597
Tinted,0.00018009905447996597
ุณุงุฎุชู,0.00018009905447996597
ูุฏุงุฑุฏ,0.00018009905447996597
ุจุฑูุฒ,0.00018009905447996597
ุจฺฏูฺฉู,0.00018009905447996597
ุนุงููุด,0.00018009905447996597
ุงูุฏุฑูุฏู,0.00018009905447996597
ุญูุฒูู,0.00018009905447996597
ุขุณุชุฑ,0.00018009905447996597
ุจุณุงุฑูุงููุงุณุจ,0.00018009905447996597
ุงูุฏุงุฒ,0.00018009905447996597
ฺฉูุชุฑูุฑ,0.00018009905447996597
ุฏูุง,0.00018009905447996597
ูุฎูุฑู,0.00018009905447996597
ุงูุชุถุงุญุญุญุญุญู,0.00018009905447996597
ฺฉููู,0.00018009905447996597
ููุดุชู,0.00018009905447996597
ูพฺฏุฑ,0.00018009905447996597
ูโุฎุด,0.00018009905447996597
ุจุฎุงุทุฑ,0.00018009905447996597
ูุฏุฏ,0.00018009905447996597
ูุฑูู,0.00018009905447996597
ูููู,0.00018009905447996597
ฺฏุฑุณ,0.00018009905447996597
ูุชุฑุงู,0.00018009905447996597
ุชุฑุงุฒู,0.00018009905447996597
ุงูุชุตุงุญ,0.00018009905447996597
ูููุฏ,0.00018009905447996597
ุจูุธุฑู,0.00018009905447996597
ุจุฒุงุฑ,0.00018009905447996597
ูููุถ,0.00018009905447996597
ุงููุถุงุด,0.00018009905447996597
ุงฺ,0.00018009905447996597
ุนุจ,0.00018009905447996597
ุฒุจุฑ,0.00018009905447996597
ุจุฏุฑุฏูุฎูุฑ,0.00018009905447996597
ุฌุฒ,0.00018009905447996597
ูุงุณุงฺูุฑ,0.00018009905447996597
ูุงุงูุฏ,0.00018009905447996597
ูุงู,0.00018009905447996597
ููุณูุฏู,0.00018009905447996597
ููุณูุฑ,0.00018009905447996597
ุงู,0.00018009905447996597
ุณูพุงุณ,0.00018009905447996597
ฺฉุจุงุฑ,0.00018009905447996597
ูพุฑุฏุงุฎุช,0.00018009905447996597
ูพูุด,0.00018009905447996597
ูุณูุช,0.00018009905447996597
ุงูุฒ,0.00018009905447996597
ุฌูุช,0.00018009905447996597
ูุฎู,0.00018009905447996597
ูพุดูุงู,0.00018009905447996597
ุตุฏุฏุฑุตุฏ,0.00018009905447996597
ูุงูุนุชุด,0.00018009905447996597
ุจุฒุฑฺฏ,0.00018009905447996597
ุงุจุฑููู,0.00018009905447996597
ฺฉุงุฑุดู,0.00018009905447996597
ูุดุชุงุฏ,0.00018009905447996597
ุฒุงุฏู,0.00018009905447996597
ุณุฑุนุช,0.00018009905447996597
ุจโฺฉูุช,0.00018009905447996597
ุชููุฒูู,0.00018009905447996597
ูุงฺฺฉ,0.00018009905447996597
ุงุซุฑ,0.00018009905447996597
ููุฑ,0.00018009905447996597
ุฑุฆุงู,0.00018009905447996597
ุฎุฑุฏูุฏ,0.00018009905447996597
ูุทุฑ,0.00018009905447996597
ุจุฏููุฏ,0.00018009905447996597
ูุฑุฒ,0.00018009905447996597
ุชุงู,0.00018009905447996597
ูุชุงุณู,0.00018009905447996597
ฺูู,0.00018009905447996597
ูพุงู,0.00018009905447996597
ุงุฎุชุงุฑ,0.00018009905447996597
ุฏูุฏ,0.00018009905447996597
ูุจูุฏู,0.00018009905447996597
ุฑูฺฉุด,0.00018009905447996597
ุนูุถ,0.00018009905447996597
ูุบุงุฑุช,0.00018009905447996597
ุขฺฏู,0.00018009905447996597
ฺฉุงุธู,0.00018009905447996597
ฺฉูฺฉฺฺฉุชุฑ,0.00018009905447996597
ูุงฺฏ,0.00018009905447996597
ุจุณุช,0.00018009905447996597
ฺฏูุช,0.00018009905447996597
ฺฉุณุงู,0.00018009905447996597
ูุงฺฉ,0.00018009905447996597
ูฺ,0.00018009905447996597
ุดุจุงูุช,0.00018009905447996597
ุฎู,0.00018009905447996597
ษฆะฏโล,0.00018009905447996597
ุฏูุจุฑุงุจุฑ,0.00018009905447996597
ูุฑููพู,0.00018009905447996597
ฺฉูพุณูู,0.00018009905447996597
ูุตูู,0.00018009905447996597
ูุฒ,0.00018009905447996597
ุฑุงูุฑ,0.00018009905447996597
ููุชูุฒุงุฑ,0.00018009905447996597
ุชฺฉู,0.00018009905447996597
ูพูุงุณุชฺฉ,0.00018009905447996597
ูุฌููุนุง,0.00018009905447996597
ูุฒูุดูู,0.00018009905447996597
ฺฏุฑูู,0.00018009905447996597
ููุฑุณู,0.00018009905447996597
๐๐ต๐๐๐๐,0.00018009905447996597
ุณูุงูู,0.00018009905447996597
ุงูุชุถุงุงุงุญู,0.00018009905447996597
ุชููุจู,0.00018009905447996597
ุฑูฺฉุณ,0.00018009905447996597
RA,0.00018009905447996597
ููุทุฑ,0.00018009905447996597
ฺฉูุฏุด,0.00018009905447996597
ุงุตูุงู,0.00018009905447996597
ุฑูููุจุงู,0.00018009905447996597
ููุชููุฏ,0.00018009905447996597
ูุงุฏูู,0.00018009905447996597
ูุฑูุฒ,0.00018009905447996597
ุดุงุณ,0.00018009905447996597
ูพุดููุง,0.00018009905447996597
ุฌุฑุฏู,0.00018009905447996597
ูุด,0.00018009905447996597
ูุญฺฉู,0.00018009905447996597
ฺูุงุฑูุดู,0.00018009905447996597
ููุฎุฑู,0.00018009905447996597
dex,0.00018009905447996597
ุฌุงุจุฌุง,0.00018009905447996597
ูฺฉูู,0.00018009905447996597
ุงุตูุด,0.00018009905447996597
ุตูุน,0.00018009905447996597
ู,0.00018009905447996597
ุงููุงูุง,0.00018009905447996597
ูุฑุณุฏ,0.00018009905447996597
ฺฏุงุฑุฏ,0.00018009905447996597
ุญุณูู,0.00018009905447996597
ุชุงูุช,0.00018009905447996597
ุฏูุงุฒุฏู,0.00018009905447996597
ูููุตุฏ,0.00018009905447996597
ูพุดูููุงุฏ,0.00018009905447996597
ุณููุงู,0.00018009905447996597
ูุฑุฒู,0.00018009905447996597
ูฺฏุงุฑ,0.00018009905447996597
ุตุงุฏู,0.00018009905447996597
ฺฉูุชุด,0.00018009905447996597
ุตุฏ,0.00018009905447996597
ุชูู,0.00018009905447996597
ุขุฏุงุจุชูุฑ,0.00018009905447996597
ูุนูููู,0.00018009905447996597
ูุงูู,0.00018009905447996597
ูฺฏุงุชุฑูู,0.00018009905447996597
ุจุฏโุจุฏโุจุฏ,0.00018009905447996597
ุฌุงู,0.00018009905447996597
ูุฌุจูุฑู,0.00018009905447996597
ฺฉูพฺฉโุฒุฏู,0.00018009905447996597
ูููุณ,0.00018009905447996597
ุงุจุฑุงุฑ,0.00018009905447996597
ููุช,0.00018009905447996597
ูุฌุณูู,0.00018009905447996597
ุญุฑูู,0.00018009905447996597
ุขููู,0.00018009905447996597
ูุฏุง,0.00018009905447996597
ูพุฑุฏุงุฒุด,0.00018009905447996597
ุจูุฏู,0.00018009905447996597
ุฑุงุจุทู,0.00018009905447996597
ุชุฌูุน,0.00018009905447996597
ูุฎุงุจุฑุงุท,0.00018009905447996597
ฺฉุฌุง,0.00018009905447996597
ุชูุธูุงุช,0.00018009905447996597
ุงููู,0.00018009905447996597
ุนุฒุฒุงู,0.00018009905447996597
ููุช,0.00018009905447996597
ูพูููุชูู,0.00018009905447996597
ูุฏุฏู,0.00018009905447996597
ุงูุชุฑูุช,0.00018009905447996597
gุจู,0.00018009905447996597
ฺุณุจุด,0.00018009905447996597
ุณุฎ,0.00018009905447996597
ุจุฏูู,0.00018009905447996597
ุจุฏู,0.00018009905447996597
ุทุจุง,0.00018009905447996597
ุงูฺ,0.00018009905447996597
ูุฑูุงุฏ,0.00018009905447996597
nia,0.00018009905447996597
ุงูุงู,0.00018009905447996597
ฺโุจฺฏู,0.00018009905447996597
ฺฉู,0.00018009905447996597
ุจุฑูุณู,0.00018009905447996597
ูพุฑูุฑ,0.00018009905447996597
ูุทู,0.00018009905447996597
ูพููุง,0.00018009905447996597
ุงูุฑุฌูุงูุด,0.00018009905447996597
ุดุฑู,0.00018009905447996597
ุขูุฑู,0.00018009905447996597
ุฐฺฉุฑ,0.00018009905447996597
ฺู,0.00018009905447996597
ูุงุฌูุฑ,0.00018009905447996597
ูุฎุฑุฏ,0.00018009905447996597
ฺุฏู,0.00018009905447996597
ููุฎุงุฏ,0.00018009905447996597
ุฎูู,0.00018009905447996597
ุงููู,0.00018009905447996597
ุงฺฏู,0.00018009905447996597
GLX,0.00018009905447996597
ููุงุฏ,0.00018009905447996597
ุณูุงุณุชูุงุฏู,0.00018009905447996597
ุดุนุงุฑ,0.00018009905447996597
ยซุญูุงุช,0.00018009905447996597
ุงุฑุงูยป,0.00018009905447996597
ุฑุฒ,0.00018009905447996597
ูููุฑุณุชู,0.00018009905447996597
ููุชุณ,0.00018009905447996597
ูุงฺฉ,0.00018009905447996597
ฺฏูุฏู,0.00018009905447996597
ูุฑุณุงฺู,0.00018009905447996597
ุณุงูุงูู,0.00018009905447996597
ููุชุง,0.00018009905447996597
ูพุงุฑฺฏ,0.00018009905447996597
ุถูู,0.00018009905447996597
ูพุณููู,0.00018009905447996597
ุงุฏฺฉููู,0.00018009905447996597
ูุดุช,0.00018009905447996597
ูุฌุจูุฑ,0.00018009905447996597
ฺุณุจุขฺฉูุงุฑู,0.00018009905447996597
ุชุฑููุด,0.00018009905447996597
ุณูุงุงุงุงู,0.00018009905447996597
ุจุงุจุฑูู,0.00018009905447996597
ุตุงุจูู,0.00018009905447996597
ูุธุฑุฏูุณุชุงู,0.00018009905447996597
ุจุงูุงุจูุฏู,0.00018009905447996597
ุจุงุฏ,0.00018009905447996597
ุดุงูพ,0.00018009905447996597
ฺุฑุงููุฌูุฏ,0.00018009905447996597
ุฏุฑุงูุช,0.00018009905447996597
ูพฺฉุณู,0.00018009905447996597
XS,0.00018009905447996597
ุฌูู,0.00018009905447996597
ุฏุฑูุงู,0.00018009905447996597
ุจูุงุฑุงู,0.00018009905447996597
ุณุชูู,0.00018009905447996597
ููุฑุงุช,0.00018009905447996597
ฺฉูุฑ,0.00018009905447996597
ฺฉูุณุฑูุงุชู,0.00018009905447996597
ุจูุฏ,0.00018009905447996597
ุญุงุฌ,0.00018009905447996597
ฺฉูุงู,0.00018009905447996597
ุนุงู๐,0.00018009905447996597
ุนุทุฑุฏู,0.00018009905447996597
ุฏุงูฺฏู,0.00018009905447996597
ุฑุณูู,0.00018009905447996597
ููุตุฏ,0.00018009905447996597
ูุดุดุดุดูู,0.00018009905447996597
ฺฏูู,0.00018009905447996597
ุฑููุฎูุฑู,0.00018009905447996597
ุจุงุงุนุชูุงุฏ,0.00018009905447996597
ูฺฉุฑุฏู,0.00018009905447996597
ุฎูุงุฏ,0.00018009905447996597
ุจูุช,0.00018009905447996597
ุงุฎูุงู,0.00018009905447996597
ูุญูุฏุนู,0.00018009905447996597
ุงุณู,0.00018009905447996597
ูุงู,0.00018009905447996597
ูุงุฑูุฑ,0.00018009905447996597
ูููุฑ,0.00018009905447996597
ุจูุทูุฑ,0.00018009905447996597
ฺฏุฒู,0.00018009905447996597
ููู,0.00018009905447996597
ููุงุฌุฑ,0.00018009905447996597
ูููุฏฺฉุง,0.00018009905447996597
ููุช,0.00018009905447996597
ฺฏุฑุชูู,0.00018009905447996597
ุจุฎุฑุฏุด๐,0.00018009905447996597
great,0.00018009905447996597
ูุงู,0.00018009905447996597
ูุณุชุฏ,0.00018009905447996597
ุฎฺุงูุฏุงุฑ,0.00018009905447996597
ฺูพ,0.00018009905447996597
ุฑุงุณุช,0.00018009905447996597
ุฏุงุฆู,0.00018009905447996597
ูุงูุงู,0.00018009905447996597
ุฏูุชูู,0.00018009905447996597
ูุฑุงุณู,0.00018009905447996597
ูุงูฺฉูู,0.00018009905447996597
ุฑุนุงุช,0.00018009905447996597
ุณุฏููุฑุฏุงุฏ,0.00018009905447996597
ฺฉูฺฺฉ,0.00018009905447996597
ุจุดุชุฑ,0.00018009905447996597
ุจฺฉูู,0.00018009905447996597
ุณุงูุช,0.00018009905447996597
ุงุฑุงู,0.00018009905447996597
ุงุฑ,0.00018009905447996597
ุฏุงุดุชู,0.00018009905447996597
ุงุญุชุฑุงู,0.00018009905447996597
ุญููู,0.00018009905447996597
ุงูุฌุง,0.00018009905447996597
ุจุงฺฉุชุฑ,0.00018009905447996597
ุฏุฏ,0.00018009905447996597
ุชุฎููุงุช,0.00018009905447996597
ุจูฺฉุจุฑ,0.00018009905447996597
ูพุงุณูพูุฑุช,0.00018009905447996597
ุขุฑู,0.00018009905447996597
ุดุทุงู,0.00018009905447996597
ูพุฑุณุช,0.00018009905447996597
ุชุดุฑุชุงุชูุช,0.00018009905447996597
ุจุฐุงุฑู,0.00018009905447996597
ุฏุงุฏู,0.00018009905447996597
ูพููุงุชูู,0.00018009905447996597
ุงุถุงูู,0.00018009905447996597
ุจุดุฏุช,0.00018009905447996597
ูุงุทูู,0.00018009905447996597
ุธุฑู,0.00018009905447996597
ูุฒู,0.00018009905447996597
ุจุฒุงุฑู,0.00018009905447996597
ุจู,0.00018009905447996597
ฺฏุชุณ,0.00018009905447996597
ูุฑุทูุจ,0.00018009905447996597
ุงูุณุฑู,0.00018009905447996597
ุณูุงุงู,0.00018009905447996597
ููุงฺฉุด,0.00018009905447996597
ูุณุงูุฑุช,0.00018009905447996597
0,9.004952723998299e-05
