عالی,0.035714285714285116
کیفیت,0.03261388027665102
خوب,0.02981159074648173
خیلی,0.01979489625566387
خوبه,0.01514428809921272
1,0.014667302647269013
پیشنهاد,0.013892201287860487
عالیه,0.013176723109944924
بسیار,0.011745766754113802
بود,0.011089911757691204
خرید,0.010553303124254534
قیمت,0.009718578583353045
نیست,0.009360839494395264
مناسب,0.008704984497972666
میکنم,0.008049129501550067
من,0.007631767231099323
زیبا,0.007333651323634506
محصول,0.007274028142141543
بد,0.0066777963272119075
در,0.0066777963272119075
راضی,0.00584307178631042
داره,0.005485332697352638
اصلا,0.005366086334366712
است,0.005008347245408931
نسبت,0.004889100882423004
جنس,0.004829477700930041
خوبی,0.004292869067493369
گوشی,0.004233245886000406
واقعا,0.003935129978535588
خوبیه,0.003935129978535588
بخرید,0.0038755067970426254
حتما,0.0037562604340566986
ارزش,0.0037562604340566986
یک,0.0036966372525637347
هست,0.003577390889577808
نمیکنم,0.003577390889577808
فوق,0.003577390889577808
نداره,0.003458144526591881
استفاده,0.003458144526591881
شیک,0.003219651800620027
العاده,0.003219651800620027
یه,0.003160028619127064
بهترین,0.003040782256141137
نظر,0.00292153589315521
خریدم,0.002802289530169283
رضایت,0.002802289530169283
قیمتش,0.002742666348676319
معمولی,0.002742666348676319
سایز,0.002742666348676319
پایین,0.002683043167183356
توصیه,0.002683043167183356
مدل,0.002683043167183356
کالا,0.0026234199856903923
ضعیف,0.0026234199856903923
کار,0.002563796804197429
ساعت,0.002563796804197429
می,0.0025041736227044654
کاربردی,0.0025041736227044654
رنگ,0.0025041736227044654
کنم,0.002444550441211502
نبود,0.002444550441211502
افتضاح,0.002444550441211502
بالا,0.002444550441211502
کرم,0.0023849272597185386
راضیم,0.002325304078225575
میشه,0.0021464345337466845
کم,0.0021464345337466845
تو,0.0021464345337466845
کفش,0.002086811352253721
خوش,0.0020271881707607576
نخرید,0.0020271881707607576
فقط,0.001967564989267794
عدم,0.001967564989267794
همه,0.0019079418077748308
کاور,0.0019079418077748308
راحت,0.0019079418077748308
هستم,0.0019079418077748308
های,0.0018483186262818673
کننده,0.001788695444788904
طراحی,0.001788695444788904
کیف,0.0017290722632959405
اما,0.0017290722632959405
خریدش,0.0016694490818029769
نمی,0.0016694490818029769
کل,0.0016694490818029769
کنید,0.0016694490818029769
قابل,0.0016098259003100134
ای,0.0016098259003100134
محافظ,0.0016098259003100134
دست,0.00155020271881705
ساخت,0.00155020271881705
شارژر,0.0014905795373240866
بدرد,0.0014905795373240866
جالب,0.0014309563558311232
بودن,0.0014309563558311232
صرفه,0.0014309563558311232
دیجی,0.0014309563558311232
بازی,0.0013713331743381595
کارایی,0.0013713331743381595
عکس,0.0013713331743381595
کتاب,0.0013713331743381595
سرعت,0.0013117099928451961
سلام,0.0013117099928451961
انگیز,0.0013117099928451961
ام,0.0013117099928451961
انتخاب,0.0013117099928451961
کمی,0.0012520868113522327
کردم,0.0012520868113522327
بوی,0.0012520868113522327
ضد,0.0012520868113522327
نامناسب,0.0012520868113522327
محصولات,0.0012520868113522327
کوچک,0.0011924636298592693
شک,0.0011924636298592693
روی,0.0011924636298592693
درد,0.0011924636298592693
دسته,0.0011924636298592693
بودم,0.0011924636298592693
بررسی,0.0011924636298592693
شگفت,0.0011924636298592693
مو,0.0011924636298592693
ندارم,0.0011924636298592693
متوسط,0.0011328404483663059
شارژ,0.0011328404483663059
فلش,0.0011328404483663059
بدون,0.0011328404483663059
هدفون,0.0010732172668733422
هر,0.0010732172668733422
میکنه,0.0010732172668733422
صفحه,0.0010732172668733422
ایرانی,0.0010732172668733422
مشکل,0.0010732172668733422
قبول,0.0010732172668733422
تجربه,0.0010732172668733422
هوشمند,0.0010732172668733422
قاب,0.0010732172668733422
ظاهر,0.0010732172668733422
نکنید,0.0010135940853803788
نقد,0.0010135940853803788
نرم,0.0010135940853803788
زیباست,0.0010135940853803788
پاور,0.0010135940853803788
نسبتا,0.0010135940853803788
بهتر,0.0010135940853803788
کابل,0.0010135940853803788
دارم,0.0010135940853803788
کاملا,0.0010135940853803788
کالای,0.0009539709038874154
دارد,0.0009539709038874154
نیستم,0.0009539709038874154
مقاوم,0.0009539709038874154
سیم,0.0009539709038874154
هیچ,0.0009539709038874154
کلام,0.0009539709038874154
زیبایی,0.0009539709038874154
نمیخوره,0.0009539709038874154
ازش,0.0009539709038874154
بعد,0.0009539709038874154
عطر,0.0009539709038874154
نخور,0.0009539709038874154
جنسش,0.0009539709038874154
اندازه,0.0009539709038874154
زیاد,0.000894347722394452
تیشرت,0.000894347722394452
نیس,0.000894347722394452
بانک,0.000894347722394452
بندی,0.000894347722394452
طعم,0.000894347722394452
تمام,0.000894347722394452
پوست,0.000894347722394452
نمیشه,0.000894347722394452
باتری,0.000894347722394452
میده,0.000894347722394452
صدا,0.000894347722394452
بند,0.000894347722394452
ست,0.000894347722394452
هستش,0.000894347722394452
قوی,0.0008347245409014884
یکی,0.0008347245409014884
حرف,0.0008347245409014884
نظیر,0.0008347245409014884
نازک,0.0008347245409014884
موبایل,0.0008347245409014884
بخرین,0.0008347245409014884
لباس,0.0008347245409014884
ممنون,0.0008347245409014884
شد,0.0008347245409014884
واقعی,0.000775101359408525
شامپو,0.000775101359408525
بسته,0.000775101359408525
طرح,0.000775101359408525
جا,0.000775101359408525
شلوار,0.000775101359408525
ادکلن,0.000775101359408525
سبک,0.000775101359408525
دستگاه,0.000775101359408525
موس,0.000775101359408525
شیشه,0.000775101359408525
دقت,0.000775101359408525
باید,0.000775101359408525
کوچیک,0.000775101359408525
بو,0.000775101359408525
دوربین,0.0007154781779155616
راه,0.0007154781779155616
هندزفری,0.0007154781779155616
باکیفیت,0.0007154781779155616
دیگه,0.0007154781779155616
ساده,0.0007154781779155616
لحاظ,0.0007154781779155616
چرم,0.0007154781779155616
گلس,0.0007154781779155616
اسپری,0.0007154781779155616
ماشین,0.0007154781779155616
بدک,0.0007154781779155616
پشیمون,0.0007154781779155616
واسه,0.0007154781779155616
کوتاه,0.0007154781779155616
پارچه,0.0007154781779155616
سی,0.0007154781779155616
نه,0.0007154781779155616
بدنه,0.0007154781779155616
صدای,0.0007154781779155616
ارایه,0.0007154781779155616
پودر,0.0006558549964225981
بار,0.0006558549964225981
خودرو,0.0006558549964225981
پخش,0.0006558549964225981
روان,0.0006558549964225981
پول,0.0006558549964225981
باشه,0.0006558549964225981
کارآمد,0.0006558549964225981
خوشبو,0.0006558549964225981
نصب,0.0006558549964225981
ندارد,0.0006558549964225981
توی,0.0006558549964225981
نظری,0.0006558549964225981
شدن,0.0006558549964225981
تر,0.0006558549964225981
قدرت,0.0006558549964225981
دار,0.0006558549964225981
آفتاب,0.0006558549964225981
چیز,0.0006558549964225981
پاک,0.0006558549964225981
مقرون,0.0006558549964225981
شده,0.0006558549964225981
تشکر,0.0005962318149296346
قشنگ,0.0005962318149296346
ریمل,0.0005962318149296346
نمیکنه,0.0005962318149296346
برند,0.0005962318149296346
زود,0.0005962318149296346
مثل,0.0005962318149296346
رنگش,0.0005962318149296346
نظرم,0.0005962318149296346
نا,0.0005962318149296346
جذاب,0.0005962318149296346
دور,0.0005962318149296346
اگر,0.0005962318149296346
نور,0.0005962318149296346
ارزه,0.0005962318149296346
اب,0.0005962318149296346
کامل,0.0005962318149296346
دستبند,0.0005962318149296346
سه,0.0005962318149296346
اگه,0.0005962318149296346
کوچیکه,0.0005962318149296346
ضعف,0.0005366086334366711
تبلت,0.0005366086334366711
قشنگه,0.0005366086334366711
اصل,0.0005366086334366711
چشم,0.0005366086334366711
چراغ,0.0005366086334366711
کیفیتش,0.0005366086334366711
صورت,0.0005366086334366711
قفل,0.0005366086334366711
دو,0.0005366086334366711
تلویزیون,0.0005366086334366711
روز,0.0005366086334366711
چسب,0.0005366086334366711
پارس,0.0005366086334366711
سامسونگ,0.0005366086334366711
امکانات,0.0005366086334366711
دوست,0.0005366086334366711
آب,0.0005366086334366711
نویس,0.0005366086334366711
توجه,0.0005366086334366711
کلا,0.0005366086334366711
کودک,0.0005366086334366711
گران,0.0005366086334366711
ارزان,0.0005366086334366711
دوستان,0.0005366086334366711
خوشگله,0.0005366086334366711
کیفت,0.0005366086334366711
خوشمزه,0.0005366086334366711
گرفتم,0.0005366086334366711
مناسبه,0.0005366086334366711
چند,0.0005366086334366711
افتضاحه,0.0005366086334366711
تی,0.0005366086334366711
نگهدارنده,0.0005366086334366711
وسیله,0.0004769854519437077
زدن,0.0004769854519437077
یعنی,0.0004769854519437077
موجود,0.0004769854519437077
عمر,0.0004769854519437077
ظریف,0.0004769854519437077
شیکه,0.0004769854519437077
درجه,0.0004769854519437077
ماه,0.0004769854519437077
پیشنهادمیکنم,0.0004769854519437077
ضرر,0.0004769854519437077
روغن,0.0004769854519437077
دیواری,0.0004769854519437077
ظاهری,0.0004769854519437077
بازار,0.0004769854519437077
خوشم,0.0004769854519437077
بهتره,0.0004769854519437077
عااالی,0.0004769854519437077
ورزشی,0.0004769854519437077
ارزیابی,0.0004769854519437077
سخت,0.0004769854519437077
ماندگاری,0.0004769854519437077
حال,0.0004769854519437077
حد,0.0004769854519437077
تطابق,0.0004769854519437077
تصویر,0.0004769854519437077
حجم,0.0004769854519437077
نوکیا,0.0004769854519437077
پرچ,0.0004769854519437077
اسپیکر,0.0004769854519437077
محکم,0.0004769854519437077
بزرگ,0.0004769854519437077
پلاستیک,0.0004769854519437077
اشتباه,0.0004769854519437077
نمایش,0.0004769854519437077
چون,0.0004769854519437077
نخ,0.0004769854519437077
عینک,0.0004769854519437077
فندکی,0.0004769854519437077
لامپ,0.0004769854519437077
بگیرید,0.0004769854519437077
بچه,0.0004769854519437077
ناراضی,0.0004769854519437077
داده,0.0004769854519437077
سایزش,0.0004769854519437077
اس,0.0004769854519437077
جی,0.0004769854519437077
اصلی,0.0004769854519437077
عنوان,0.0004769854519437077
مرطوب,0.0004769854519437077
خراب,0.0004769854519437077
دی,0.0004769854519437077
انتظار,0.0004769854519437077
کرده,0.0004769854519437077
کن,0.0004173622704507442
پر,0.0004173622704507442
هواوی,0.0004173622704507442
همین,0.0004173622704507442
کولر,0.0004173622704507442
حرفه,0.0004173622704507442
بدی,0.0004173622704507442
راحتی,0.0004173622704507442
نبودن,0.0004173622704507442
ابزار,0.0004173622704507442
وان,0.0004173622704507442
صندل,0.0004173622704507442
زنانه,0.0004173622704507442
گرونه,0.0004173622704507442
نوزادی,0.0004173622704507442
چیزی,0.0004173622704507442
ایکس,0.0004173622704507442
مقاومت,0.0004173622704507442
مارک,0.0004173622704507442
قدرتمند,0.0004173622704507442
فرق,0.0004173622704507442
کردن,0.0004173622704507442
داخل,0.0004173622704507442
غیر,0.0004173622704507442
تاثیر,0.0004173622704507442
تفاوت,0.0004173622704507442
ارسالی,0.0004173622704507442
تابلو,0.0004173622704507442
خودکار,0.0004173622704507442
تعداد,0.0004173622704507442
امروز,0.0004173622704507442
رسید,0.0004173622704507442
مموری,0.0004173622704507442
اش,0.0004173622704507442
لب,0.0004173622704507442
مقایسه,0.0004173622704507442
مخصوص,0.0004173622704507442
گل,0.0004173622704507442
سریع,0.0004173622704507442
خود,0.0004173622704507442
بیشتر,0.0004173622704507442
ضعیفه,0.0004173622704507442
گوش,0.0004173622704507442
بگم,0.0004173622704507442
بخش,0.0004173622704507442
جعبه,0.0004173622704507442
بده,0.0004173622704507442
کوله,0.0004173622704507442
دستم,0.0004173622704507442
پایه,0.0004173622704507442
انداز,0.0004173622704507442
دادن,0.0004173622704507442
شرت,0.0004173622704507442
برابر,0.0004173622704507442
لیوان,0.0004173622704507442
ضخیم,0.0004173622704507442
میز,0.0004173622704507442
کرد,0.0004173622704507442
مصرف,0.0004173622704507442
مودم,0.0004173622704507442
راهنمای,0.0004173622704507442
خمیردندان,0.0004173622704507442
دا,0.0004173622704507442
ویژه,0.0004173622704507442
سوخت,0.0004173622704507442
شبیه,0.0004173622704507442
مانتو,0.0004173622704507442
رده,0.0004173622704507442
چاپ,0.0004173622704507442
حافظه,0.0003577390889577808
ابعاد,0.0003577390889577808
نقاط,0.0003577390889577808
وصل,0.0003577390889577808
پمپ,0.0003577390889577808
جالبی,0.0003577390889577808
گزینه,0.0003577390889577808
سر,0.0003577390889577808
زیاده,0.0003577390889577808
خط,0.0003577390889577808
مای,0.0003577390889577808
وزن,0.0003577390889577808
سبز,0.0003577390889577808
استاندارد,0.0003577390889577808
پلاستیکی,0.0003577390889577808
براق,0.0003577390889577808
نخرین,0.0003577390889577808
ایران,0.0003577390889577808
سال,0.0003577390889577808
کارهای,0.0003577390889577808
شوره,0.0003577390889577808
تمیز,0.0003577390889577808
توپ,0.0003577390889577808
مثبت,0.0003577390889577808
گیتار,0.0003577390889577808
گیمینگ,0.0003577390889577808
محدثه,0.0003577390889577808
یمن,0.0003577390889577808
متین,0.0003577390889577808
حق,0.0003577390889577808
وردی,0.0003577390889577808
استیکر,0.0003577390889577808
براش,0.0003577390889577808
قنداق,0.0003577390889577808
کیفی,0.0003577390889577808
باکس,0.0003577390889577808
خوشرنگ,0.0003577390889577808
عالییییی,0.0003577390889577808
اینه,0.0003577390889577808
درکل,0.0003577390889577808
لپ,0.0003577390889577808
میاد,0.0003577390889577808
دوخت,0.0003577390889577808
عکسش,0.0003577390889577808
داغ,0.0003577390889577808
نمیشید,0.0003577390889577808
برسی,0.0003577390889577808
دهنده,0.0003577390889577808
صندوق,0.0003577390889577808
دستی,0.0003577390889577808
پس,0.0003577390889577808
زیر,0.0003577390889577808
تاپ,0.0003577390889577808
مشخصات,0.0003577390889577808
تازه,0.0003577390889577808
خریداری,0.0003577390889577808
چای,0.0003577390889577808
خزر,0.0003577390889577808
بشه,0.0003577390889577808
رژ,0.0003577390889577808
درست,0.0003577390889577808
پاوربانک,0.0003577390889577808
مرسی,0.0003577390889577808
برقی,0.0003577390889577808
بدن,0.0003577390889577808
لوازم,0.0003577390889577808
ناخن,0.0003577390889577808
بالاست,0.0003577390889577808
چی,0.0003577390889577808
خاص,0.0003577390889577808
مورد,0.0003577390889577808
نکردم,0.0003577390889577808
روش,0.0003577390889577808
اسباب,0.0003577390889577808
ظرف,0.0003577390889577808
آرتان,0.0003577390889577808
اینکه,0.0003577390889577808
بالایی,0.0003577390889577808
ترین,0.0003577390889577808
آن,0.0003577390889577808
عملکرد,0.0003577390889577808
مسی,0.0003577390889577808
کیس,0.0003577390889577808
سرد,0.0003577390889577808
متفاوت,0.0003577390889577808
محشره,0.0003577390889577808
قابلمه,0.0003577390889577808
ژل,0.0003577390889577808
اتو,0.0003577390889577808
گرون,0.0003577390889577808
بالای,0.0003577390889577808
همون,0.0003577390889577808
پیش,0.0003577390889577808
پیراهن,0.0003577390889577808
رایا,0.0003577390889577808
خوشگل,0.0003577390889577808
باشیم,0.0003577390889577808
رفته,0.0003577390889577808
لنوو,0.0002981159074648173
ماسک,0.0002981159074648173
بلند,0.0002981159074648173
دقیق,0.0002981159074648173
شکننده,0.0002981159074648173
وای,0.0002981159074648173
honor,0.0002981159074648173
انتقاد,0.0002981159074648173
باز,0.0002981159074648173
دارمش,0.0002981159074648173
ظرفیت,0.0002981159074648173
هدیه,0.0002981159074648173
شما,0.0002981159074648173
هارد,0.0002981159074648173
pro,0.0002981159074648173
ایفون,0.0002981159074648173
صداش,0.0002981159074648173
سنگین,0.0002981159074648173
خانگی,0.0002981159074648173
اسکوتر,0.0002981159074648173
نوع,0.0002981159074648173
داشتم,0.0002981159074648173
جدید,0.0002981159074648173
تعویض,0.0002981159074648173
مهدی,0.0002981159074648173
عروسک,0.0002981159074648173
استدلر,0.0002981159074648173
هایی,0.0002981159074648173
یکم,0.0002981159074648173
شدت,0.0002981159074648173
فکر,0.0002981159074648173
بعنوان,0.0002981159074648173
عااااالی,0.0002981159074648173
دوام,0.0002981159074648173
اصلاح,0.0002981159074648173
خشک,0.0002981159074648173
خودش,0.0002981159074648173
تولید,0.0002981159074648173
لوکس,0.0002981159074648173
کنسول,0.0002981159074648173
نظم,0.0002981159074648173
ریزه,0.0002981159074648173
پنکه,0.0002981159074648173
تقریبا,0.0002981159074648173
واکس,0.0002981159074648173
جای,0.0002981159074648173
باعث,0.0002981159074648173
اورجینال,0.0002981159074648173
داشتنی,0.0002981159074648173
باطری,0.0002981159074648173
متناسب,0.0002981159074648173
هزینه,0.0002981159074648173
رژلب,0.0002981159074648173
کنه,0.0002981159074648173
سشوار,0.0002981159074648173
بذر,0.0002981159074648173
میخواستم,0.0002981159074648173
نداشت,0.0002981159074648173
میلی,0.0002981159074648173
چسبندگی,0.0002981159074648173
شیر,0.0002981159074648173
رومیزی,0.0002981159074648173
خارجی,0.0002981159074648173
خنک,0.0002981159074648173
برچسب,0.0002981159074648173
قد,0.0002981159074648173
سطح,0.0002981159074648173
ارسال,0.0002981159074648173
همیشه,0.0002981159074648173
مردانه,0.0002981159074648173
امتحان,0.0002981159074648173
قوت,0.0002981159074648173
مزه,0.0002981159074648173
گاز,0.0002981159074648173
شود,0.0002981159074648173
فنجان,0.0002981159074648173
سایزبندی,0.0002981159074648173
پلی,0.0002981159074648173
روبیک,0.0002981159074648173
دریل,0.0002981159074648173
سفارش,0.0002981159074648173
نداشتن,0.0002981159074648173
مداد,0.0002981159074648173
نوکی,0.0002981159074648173
ساز,0.0002981159074648173
ارتفاع,0.0002981159074648173
هنوز,0.0002981159074648173
شورت,0.0002981159074648173
خسته,0.0002981159074648173
مچ,0.0002981159074648173
دقیقا,0.0002981159074648173
پایینی,0.0002981159074648173
موقع,0.0002981159074648173
خاصی,0.0002981159074648173
درب,0.0002981159074648173
کاغذ,0.0002981159074648173
ماهه,0.0002981159074648173
تره,0.0002981159074648173
روکش,0.0002981159074648173
تیز,0.0002981159074648173
کش,0.0002981159074648173
نی,0.0002981159074648173
نوزاد,0.0002981159074648173
وکیفیت,0.0002981159074648173
جهت,0.0002981159074648173
باهاش,0.0002981159074648173
درصد,0.0002981159074648173
ماوس,0.0002981159074648173
مواد,0.0002981159074648173
بدنیست,0.0002981159074648173
فریس,0.0002981159074648173
بصرفه,0.0002981159074648173
سرویس,0.0002981159074648173
البته,0.0002981159074648173
اینچ,0.0002981159074648173
آمد,0.0002981159074648173
داشت,0.0002981159074648173
جور,0.0002981159074648173
مچی,0.0002981159074648173
گیری,0.0002981159074648173
فشار,0.0002981159074648173
کیبورد,0.0002981159074648173
سیلیکونی,0.0002981159074648173
دارید,0.0002981159074648173
مناسبی,0.0002981159074648173
چرب,0.0002981159074648173
شکلات,0.0002981159074648173
حلقه,0.0002981159074648173
باور,0.0002981159074648173
ال,0.0002981159074648173
منصف,0.0002981159074648173
رفع,0.0002981159074648173
pair,0.0002981159074648173
جفت,0.0002981159074648173
انتقال,0.0002981159074648173
معایب,0.00023849272597185385
مجلسی,0.00023849272597185385
مشتری,0.00023849272597185385
جوش,0.00023849272597185385
عمیقتر,0.00023849272597185385
قرمز,0.00023849272597185385
آمپر,0.00023849272597185385
فوق‌العاده,0.00023849272597185385
کاربرد,0.00023849272597185385
پرکاربرد,0.00023849272597185385
جذب,0.00023849272597185385
فرم,0.00023849272597185385
پرقدرت,0.00023849272597185385
خوره,0.00023849272597185385
برس,0.00023849272597185385
حرارتی,0.00023849272597185385
باشد,0.00023849272597185385
حسین,0.00023849272597185385
بخری,0.00023849272597185385
ایراد,0.00023849272597185385
پژو,0.00023849272597185385
دیدم,0.00023849272597185385
محمد,0.00023849272597185385
رضا,0.00023849272597185385
کوچولو,0.00023849272597185385
قدیمی,0.00023849272597185385
درخت,0.00023849272597185385
دختر,0.00023849272597185385
دارند,0.00023849272597185385
هدست,0.00023849272597185385
مناسبیه,0.00023849272597185385
کوچکتر,0.00023849272597185385
جیبی,0.00023849272597185385
دکمه,0.00023849272597185385
اصالت,0.00023849272597185385
مشابه,0.00023849272597185385
موافق,0.00023849272597185385
تاب,0.00023849272597185385
اسان,0.00023849272597185385
پشیمان,0.00023849272597185385
شدم,0.00023849272597185385
گرافیک,0.00023849272597185385
میکروفون,0.00023849272597185385
آدیداس,0.00023849272597185385
گوشیه,0.00023849272597185385
اسماعیلی,0.00023849272597185385
همراه,0.00023849272597185385
ایرادی,0.00023849272597185385
گرفت,0.00023849272597185385
تناسب,0.00023849272597185385
گرم,0.00023849272597185385
ویبره,0.00023849272597185385
وجود,0.00023849272597185385
اینو,0.00023849272597185385
عکساش,0.00023849272597185385
رولپلاک,0.00023849272597185385
افتاب,0.00023849272597185385
ریمکس,0.00023849272597185385
دیجیتال,0.00023849272597185385
شیرین,0.00023849272597185385
اسمارت,0.00023849272597185385
قشنگیه,0.00023849272597185385
انار,0.00023849272597185385
ماهی,0.00023849272597185385
تست,0.00023849272597185385
بخار,0.00023849272597185385
مجموع,0.00023849272597185385
زده,0.00023849272597185385
باریک,0.00023849272597185385
باشید,0.00023849272597185385
معمولیه,0.00023849272597185385
مهم,0.00023849272597185385
شب,0.00023849272597185385
زن,0.00023849272597185385
کاسه,0.00023849272597185385
میارزه,0.00023849272597185385
هیجان,0.00023849272597185385
لنز,0.00023849272597185385
سفید,0.00023849272597185385
حتماپیشنهادمیکنم,0.00023849272597185385
خریدن,0.00023849272597185385
زیادی,0.00023849272597185385
قیمتی,0.00023849272597185385
بهترینه,0.00023849272597185385
اویز,0.00023849272597185385
کلاسوری,0.00023849272597185385
نیلکین,0.00023849272597185385
تاشو,0.00023849272597185385
کاری,0.00023849272597185385
بزرگتر,0.00023849272597185385
کیفیته,0.00023849272597185385
باحالیه,0.00023849272597185385
پنکک,0.00023849272597185385
هفته,0.00023849272597185385
استیشن,0.00023849272597185385
گربه,0.00023849272597185385
دادم,0.00023849272597185385
ریز,0.00023849272597185385
متاسفانه,0.00023849272597185385
مطلوب,0.00023849272597185385
اون,0.00023849272597185385
قسمت,0.00023849272597185385
رسیده,0.00023849272597185385
صد,0.00023849272597185385
اطلاع,0.00023849272597185385
رسانی,0.00023849272597185385
خریدار,0.00023849272597185385
لذت,0.00023849272597185385
مختلف,0.00023849272597185385
پارچ,0.00023849272597185385
رنج,0.00023849272597185385
خور,0.00023849272597185385
میزان,0.00023849272597185385
نباشید,0.00023849272597185385
حتی,0.00023849272597185385
الان,0.00023849272597185385
انتن,0.00023849272597185385
دم,0.00023849272597185385
انکر,0.00023849272597185385
نیا,0.00023849272597185385
قابلیت,0.00023849272597185385
اجاق,0.00023849272597185385
کارامد,0.00023849272597185385
ان,0.00023849272597185385
ضربه,0.00023849272597185385
مقوی,0.00023849272597185385
عاالی,0.00023849272597185385
نارضایتی,0.00023849272597185385
بستگی,0.00023849272597185385
افزایش,0.00023849272597185385
زمینه,0.00023849272597185385
وجه,0.00023849272597185385
کتری,0.00023849272597185385
کامان,0.00023849272597185385
شال,0.00023849272597185385
اول,0.00023849272597185385
mate,0.00023849272597185385
تن,0.00023849272597185385
گیر,0.00023849272597185385
بخریدش,0.00023849272597185385
هنذفری,0.00023849272597185385
نوت,0.00023849272597185385
جادار,0.00023849272597185385
ترک,0.00023849272597185385
ماماکیدز,0.00023849272597185385
Simple,0.00023849272597185385
امیر,0.00023849272597185385
علی,0.00023849272597185385
پلاس,0.00023849272597185385
خش,0.00023849272597185385
رایحه,0.00023849272597185385
اولین,0.00023849272597185385
لباسشویی,0.00023849272597185385
Mi,0.00023849272597185385
band,0.00023849272597185385
کفپوش,0.00023849272597185385
زندگی,0.00023849272597185385
شامپوی,0.00023849272597185385
مغز,0.00023849272597185385
آفتابی,0.00023849272597185385
بامزه,0.00023849272597185385
ظرافت,0.00023849272597185385
سری,0.00023849272597185385
میان,0.00023849272597185385
پد,0.00023849272597185385
کنندگی,0.00023849272597185385
کمربند,0.00023849272597185385
کارآیی,0.00023849272597185385
کلی,0.00023849272597185385
قبل,0.00023849272597185385
جز,0.00023849272597185385
پایینه,0.00023849272597185385
برنج,0.00023849272597185385
نیومد,0.00023849272597185385
بقیه,0.00023849272597185385
چیش,0.00023849272597185385
موی,0.00023849272597185385
of,0.00023849272597185385
ماگ,0.00023849272597185385
تند,0.00023849272597185385
بخوره,0.00023849272597185385
فایده,0.00023849272597185385
مسواک,0.00023849272597185385
ترجمه,0.00023849272597185385
سارا,0.00023849272597185385
smart,0.00023849272597185385
سنج,0.00023849272597185385
خونگی,0.00023849272597185385
دوسش,0.00023849272597185385
شرح,0.00023849272597185385
پراید,0.00023849272597185385
مخصوصا,0.00023849272597185385
رنگی,0.00023849272597185385
قالب,0.00023849272597185385
موتور,0.00023849272597185385
فیروزه,0.00023849272597185385
کمتر,0.00023849272597185385
سبکی,0.00023849272597185385
زیباس,0.00023849272597185385
عالیییییییی,0.00023849272597185385
htc,0.00023849272597185385
هرگز,0.00023849272597185385
شخصی,0.00023849272597185385
منصفانه,0.00023849272597185385
میشید,0.00023849272597185385
اومد,0.00023849272597185385
فندک,0.00023849272597185385
عالیییی,0.00023849272597185385
اطلاعات,0.00023849272597185385
سوتین,0.00023849272597185385
بوش,0.00023849272597185385
باد,0.00023849272597185385
نداشته,0.00023849272597185385
دقیقه,0.00023849272597185385
ضعیفی,0.00023849272597185385
بلوتوث,0.00023849272597185385
عاااالی,0.00023849272597185385
پشتیبانی,0.00023849272597185385
نمیکرد,0.00023849272597185385
بنظرم,0.00023849272597185385
دستکش,0.00023849272597185385
عالیی,0.00023849272597185385
پادری,0.00023849272597185385
اتوی,0.00023849272597185385
خوری,0.00023849272597185385
سونی,0.00023849272597185385
خونه,0.00023849272597185385
کاتالوگ,0.00023849272597185385
قهوه,0.00023849272597185385
پندار,0.00023849272597185385
نظرسنجی,0.00023849272597185385
دهی,0.00023849272597185385
خدمات,0.0001788695444788904
حالی,0.0001788695444788904
وقت,0.0001788695444788904
رضایتمندی,0.0001788695444788904
اینقدر,0.0001788695444788904
موهای,0.0001788695444788904
شکیل,0.0001788695444788904
سرخ,0.0001788695444788904
نگار,0.0001788695444788904
سوزن,0.0001788695444788904
دوباره,0.0001788695444788904
ملایم,0.0001788695444788904
لنت,0.0001788695444788904
اسانس,0.0001788695444788904
سماور,0.0001788695444788904
تابه,0.0001788695444788904
میخوام,0.0001788695444788904
بین,0.0001788695444788904
تصفیه,0.0001788695444788904
هوا,0.0001788695444788904
نسخه,0.0001788695444788904
اندروید,0.0001788695444788904
گیرا,0.0001788695444788904
توشیبا,0.0001788695444788904
بینظیر,0.0001788695444788904
پاره,0.0001788695444788904
پیدا,0.0001788695444788904
فول,0.0001788695444788904
فیلتر,0.0001788695444788904
سوزش,0.0001788695444788904
برام,0.0001788695444788904
میندازه,0.0001788695444788904
LG,0.0001788695444788904
شرکتش,0.0001788695444788904
فولیکا,0.0001788695444788904
عالیو,0.0001788695444788904
ایرپاد,0.0001788695444788904
دوساله,0.0001788695444788904
پرینتر,0.0001788695444788904
مگ,0.0001788695444788904
آلوورا,0.0001788695444788904
بیک,0.0001788695444788904
فنر,0.0001788695444788904
$,0.0001788695444788904
می‌کنم,0.0001788695444788904
تحقیق,0.0001788695444788904
عرض,0.0001788695444788904
نخر,0.0001788695444788904
آیفون,0.0001788695444788904
میباشد,0.0001788695444788904
کردی,0.0001788695444788904
سطل,0.0001788695444788904
زباله,0.0001788695444788904
اکستنشن,0.0001788695444788904
مسعود,0.0001788695444788904
رضوی,0.0001788695444788904
همرده,0.0001788695444788904
میشود,0.0001788695444788904
محسن,0.0001788695444788904
روفرشی,0.0001788695444788904
مهران,0.0001788695444788904
پیام,0.0001788695444788904
صالح,0.0001788695444788904
جانسون,0.0001788695444788904
والتت,0.0001788695444788904
پاییزی,0.0001788695444788904
خانمها,0.0001788695444788904
فرزانه,0.0001788695444788904
کریمی,0.0001788695444788904
بزارید,0.0001788695444788904
پکیج,0.0001788695444788904
شیرینی,0.0001788695444788904
عادی,0.0001788695444788904
نگهداری,0.0001788695444788904
سیما,0.0001788695444788904
آمده,0.0001788695444788904
میکردم,0.0001788695444788904
نفر,0.0001788695444788904
توش,0.0001788695444788904
گردو,0.0001788695444788904
ضروری,0.0001788695444788904
چاقو,0.0001788695444788904
مت,0.0001788695444788904
چینی,0.0001788695444788904
چیپس,0.0001788695444788904
دوستش,0.0001788695444788904
افزار,0.0001788695444788904
مهدیار,0.0001788695444788904
قاشق,0.0001788695444788904
گیم,0.0001788695444788904
رویه,0.0001788695444788904
متفاوته,0.0001788695444788904
چادر,0.0001788695444788904
هوای,0.0001788695444788904
منفی,0.0001788695444788904
کارکرد,0.0001788695444788904
اکتیو,0.0001788695444788904
پریم,0.0001788695444788904
متعارف,0.0001788695444788904
جوراب,0.0001788695444788904
سوپر,0.0001788695444788904
بلو,0.0001788695444788904
حیف,0.0001788695444788904
عااالیِ,0.0001788695444788904
سایت,0.0001788695444788904
میبینی,0.0001788695444788904
گذاری,0.0001788695444788904
کوچکه,0.0001788695444788904
داخلش,0.0001788695444788904
انجام,0.0001788695444788904
گیره,0.0001788695444788904
یکاد,0.0001788695444788904
خریدنش,0.0001788695444788904
بدستم,0.0001788695444788904
Ok,0.0001788695444788904
توضیح,0.0001788695444788904
مبدل,0.0001788695444788904
اکسترنال,0.0001788695444788904
نمونه,0.0001788695444788904
زیبای,0.0001788695444788904
prime,0.0001788695444788904
توضیحات,0.0001788695444788904
لیل,0.0001788695444788904
تسکو,0.0001788695444788904
دنده,0.0001788695444788904
کیوت,0.0001788695444788904
اسکین,0.0001788695444788904
مدت,0.0001788695444788904
کوتاهی,0.0001788695444788904
داد,0.0001788695444788904
فلفل,0.0001788695444788904
چه,0.0001788695444788904
اقتصادی,0.0001788695444788904
باتریش,0.0001788695444788904
موافتم,0.0001788695444788904
مد,0.0001788695444788904
حالت,0.0001788695444788904
رز,0.0001788695444788904
دویدن,0.0001788695444788904
ماژیک,0.0001788695444788904
روزانه,0.0001788695444788904
پا,0.0001788695444788904
بدردبخور,0.0001788695444788904
مطمئن,0.0001788695444788904
ظروف,0.0001788695444788904
ترازوی,0.0001788695444788904
تنها,0.0001788695444788904
نکته,0.0001788695444788904
وارزان,0.0001788695444788904
امروزدستم,0.0001788695444788904
ماست,0.0001788695444788904
کوه,0.0001788695444788904
خارش,0.0001788695444788904
آستین,0.0001788695444788904
بلک,0.0001788695444788904
فانتزی,0.0001788695444788904
داریم,0.0001788695444788904
نتیجه,0.0001788695444788904
خریدمش,0.0001788695444788904
لازم,0.0001788695444788904
پرومکس,0.0001788695444788904
طبق,0.0001788695444788904
خانواده,0.0001788695444788904
قوه,0.0001788695444788904
تیبا,0.0001788695444788904
یکیش,0.0001788695444788904
قبولی,0.0001788695444788904
گوشه,0.0001788695444788904
آموزش,0.0001788695444788904
nova,0.0001788695444788904
چرخ,0.0001788695444788904
نگه,0.0001788695444788904
نمیداره,0.0001788695444788904
کادو,0.0001788695444788904
چوبی,0.0001788695444788904
کسایی,0.0001788695444788904
بینهایت,0.0001788695444788904
خشکی,0.0001788695444788904
تاچ,0.0001788695444788904
راک,0.0001788695444788904
خواب,0.0001788695444788904
نورش,0.0001788695444788904
شمع,0.0001788695444788904
تعریفات,0.0001788695444788904
ایمنی,0.0001788695444788904
تشک,0.0001788695444788904
رویال,0.0001788695444788904
نقص,0.0001788695444788904
دستگاهی,0.0001788695444788904
معادل,0.0001788695444788904
mini,0.0001788695444788904
قرآن,0.0001788695444788904
ابعادش,0.0001788695444788904
بخریم,0.0001788695444788904
ارلدام,0.0001788695444788904
ایده,0.0001788695444788904
آل,0.0001788695444788904
اف,0.0001788695444788904
میشن,0.0001788695444788904
سرم,0.0001788695444788904
متوجه,0.0001788695444788904
شید,0.0001788695444788904
بادیگاردی,0.0001788695444788904
روزه,0.0001788695444788904
نگیرید,0.0001788695444788904
دقتش,0.0001788695444788904
نمیصرفه,0.0001788695444788904
نمیاد,0.0001788695444788904
دوم,0.0001788695444788904
جامدادی,0.0001788695444788904
پوشش,0.0001788695444788904
آبی,0.0001788695444788904
هیچی,0.0001788695444788904
چرمی,0.0001788695444788904
تور,0.0001788695444788904
پشتی,0.0001788695444788904
ata,0.0001788695444788904
gohari,0.0001788695444788904
پولتونو,0.0001788695444788904
دردم,0.0001788695444788904
خورد,0.0001788695444788904
شون,0.0001788695444788904
کفیت,0.0001788695444788904
عروس,0.0001788695444788904
کنده,0.0001788695444788904
مشکی,0.0001788695444788904
حالا,0.0001788695444788904
آرایشی,0.0001788695444788904
ریختن,0.0001788695444788904
نزدیک,0.0001788695444788904
دلیل,0.0001788695444788904
جالبه,0.0001788695444788904
خوشدست,0.0001788695444788904
کاربردیه,0.0001788695444788904
عرق,0.0001788695444788904
بیسکوییت,0.0001788695444788904
تصمیم,0.0001788695444788904
نشون,0.0001788695444788904
خوبن,0.0001788695444788904
کتانی,0.0001788695444788904
نرمه,0.0001788695444788904
سوپرمارکتی,0.0001788695444788904
اهن,0.0001788695444788904
فیس,0.0001788695444788904
فروشنده,0.0001788695444788904
سید,0.0001788695444788904
میگن,0.0001788695444788904
اثر,0.0001788695444788904
لکه,0.0001788695444788904
مکالمه,0.0001788695444788904
گارانتی,0.0001788695444788904
بیس,0.0001788695444788904
اسپرت,0.0001788695444788904
سودمند,0.0001788695444788904
حشرات,0.0001788695444788904
میزه,0.0001788695444788904
باند,0.0001788695444788904
حامد,0.0001788695444788904
بهلولی,0.0001788695444788904
سانت,0.0001788695444788904
گلدان,0.0001788695444788904
موندگاری,0.0001788695444788904
زدم,0.0001788695444788904
قلم,0.0001788695444788904
کارت,0.0001788695444788904
همچین,0.0001788695444788904
راحته,0.0001788695444788904
فاطمه,0.0001788695444788904
نامرغوب,0.0001788695444788904
کی,0.0001788695444788904
همش,0.0001788695444788904
شش,0.0001788695444788904
جانبی,0.0001788695444788904
مانیدا,0.0001788695444788904
چاقوی,0.0001788695444788904
چتر,0.0001788695444788904
وی,0.0001788695444788904
باشی,0.0001788695444788904
زانو,0.0001788695444788904
فری,0.0001788695444788904
برق,0.0001788695444788904
صندلی,0.0001788695444788904
مهمان,0.0001788695444788904
اندازی,0.0001788695444788904
تعریق,0.0001788695444788904
شست,0.0001788695444788904
شو,0.0001788695444788904
سینره,0.0001788695444788904
دستمال,0.0001788695444788904
بسیارعالی,0.0001788695444788904
میکروفن,0.0001788695444788904
موسیقی,0.0001788695444788904
دید,0.0001788695444788904
نیوا,0.0001788695444788904
خوردم,0.0001788695444788904
Honor,0.0001788695444788904
lite,0.0001788695444788904
ریختم,0.0001788695444788904
نوشته,0.0001788695444788904
ضخامت,0.0001788695444788904
شیائومی,0.0001788695444788904
کاربری,0.0001788695444788904
چهار,0.0001788695444788904
عکسشم,0.0001788695444788904
اولیه,0.0001788695444788904
امنیت,0.0001788695444788904
روشن,0.0001788695444788904
خاموش,0.0001788695444788904
ونوس,0.0001788695444788904
رنگبندی,0.0001788695444788904
عالیییییه,0.0001788695444788904
شماره,0.0001788695444788904
لیتر,0.0001788695444788904
میسوزه,0.0001788695444788904
اشتباهی,0.0001788695444788904
دون,0.0001788695444788904
شاهکار,0.0001788695444788904
صفر,0.0001788695444788904
میزنه,0.0001788695444788904
بالاس,0.0001788695444788904
نخوره,0.0001788695444788904
jbl,0.0001788695444788904
ماندگاریش,0.0001788695444788904
خرابی,0.0001788695444788904
عقب,0.0001788695444788904
دوچرخه,0.0001788695444788904
العادست,0.0001788695444788904
عالیییییی,0.0001788695444788904
تاثیری,0.0001788695444788904
ندیدم,0.0001788695444788904
قطعا,0.0001788695444788904
خصوصا,0.0001788695444788904
فروش,0.0001788695444788904
خریدشو,0.0001788695444788904
دارن,0.0001788695444788904
اپل,0.0001788695444788904
حجیم,0.0001788695444788904
خالی,0.0001788695444788904
میشکنه,0.0001788695444788904
متنوع,0.0001788695444788904
تخت,0.0001788695444788904
آویز,0.0001788695444788904
کینگ,0.0001788695444788904
فست,0.0001788695444788904
ارزنده,0.0001788695444788904
افتاد,0.0001788695444788904
خم,0.0001788695444788904
هویه,0.0001788695444788904
سبد,0.0001788695444788904
اپیسر,0.0001788695444788904
خودم,0.0001788695444788904
کارم,0.0001788695444788904
سمند,0.0001788695444788904
دومین,0.0001788695444788904
داشته,0.0001788695444788904
تحریر,0.0001788695444788904
مژگان,0.0001788695444788904
شارژش,0.0001788695444788904
کسی,0.0001788695444788904
اضافه,0.0001788695444788904
کمرنگ,0.0001788695444788904
عمو,0.0001788695444788904
پولدار,0.0001788695444788904
نبودم,0.0001788695444788904
دوربینش,0.0001788695444788904
فیلم,0.0001788695444788904
تاریخ,0.0001788695444788904
game,0.0001788695444788904
thrones,0.0001788695444788904
وشیک,0.0001788695444788904
بیخود,0.0001788695444788904
رکسونا,0.0001788695444788904
نشانگر,0.0001788695444788904
کالهه,0.0001788695444788904
فوم,0.0001788695444788904
معنای,0.0001788695444788904
میت,0.0001788695444788904
آسیب,0.0001788695444788904
پذیر,0.0001788695444788904
بادوام,0.0001788695444788904
رابط,0.0001788695444788904
دانه,0.0001788695444788904
کلاس,0.0001788695444788904
وحشتناک,0.0001788695444788904
مایع,0.0001788695444788904
ریش,0.0001788695444788904
العادس,0.0001788695444788904
روزمره,0.0001788695444788904
فرنگیس,0.0001788695444788904
متوسطه,0.0001788695444788904
میاره,0.0001788695444788904
پرنور,0.0001788695444788904
راحتیه,0.0001788695444788904
پایی,0.0001788695444788904
دخترونه,0.0001788695444788904
هنگ,0.0001788695444788904
نمیکند,0.0001788695444788904
نرمی,0.0001788695444788904
کیفیتی,0.0001788695444788904
نشد,0.0001788695444788904
تنظیم,0.0001788695444788904
تار,0.0001788695444788904
کلید,0.0001788695444788904
واقعاً,0.0001788695444788904
جاکلیدی,0.0001788695444788904
اونی,0.0001788695444788904
ویژن,0.0001788695444788904
ساق,0.0001788695444788904
درباره,0.0001788695444788904
اینم,0.0001788695444788904
مه,0.0001788695444788904
فارسی,0.0001788695444788904
Samsung,0.0001788695444788904
پی,0.0001788695444788904
داغون,0.0001788695444788904
کارا,0.0001788695444788904
میخواید,0.0001788695444788904
ماکروویو,0.0001788695444788904
تیغ,0.0001788695444788904
کر,0.0001788695444788904
تسبیح,0.0001788695444788904
چندان,0.0001788695444788904
دیگر,0.0001788695444788904
جوجه,0.0001788695444788904
کیفبت,0.0001788695444788904
ادوپرفیوم,0.0001788695444788904
وعالی,0.0001788695444788904
SSD,0.0001788695444788904
بارانی,0.0001788695444788904
مبتدی,0.0001788695444788904
آموزنده,0.0001788695444788904
سایه,0.0001788695444788904
sp,0.0001788695444788904
پسرانه,0.0001788695444788904
تلخ,0.0001788695444788904
داشبورد,0.0001788695444788904
موتاک,0.0001788695444788904
برا,0.0001788695444788904
تخفیف,0.0001788695444788904
نهاد,0.0001788695444788904
نادرست,0.0001788695444788904
نکات,0.0001788695444788904
مات,0.0001788695444788904
پرانی,0.0001788695444788904
چسبش,0.0001788695444788904
حساس,0.0001788695444788904
فاجعه,0.0001788695444788904
کلاسیک,0.0001788695444788904
مام,0.0001788695444788904
ایه,0.0001788695444788904
عالیست,0.0001788695444788904
اردیبهشت,0.0001788695444788904
کد,0.0001788695444788904
تراش,0.0001788695444788904
میخوره,0.0001788695444788904
پیشنهادی,0.0001788695444788904
فشارسنج,0.0001788695444788904
میخ,0.0001788695444788904
Mate,0.0001788695444788904
جمع,0.0001788695444788904
نظیره,0.0001788695444788904
گیگ,0.0001788695444788904
باحال,0.0001788695444788904
خالص,0.0001788695444788904
نباشه,0.0001788695444788904
طوسی,0.0001788695444788904
نویز,0.0001788695444788904
وودافون,0.0001788695444788904
فای,0.0001788695444788904
استایل,0.0001788695444788904
کلیدی,0.0001788695444788904
علیرضا,0.0001788695444788904
کاظمی,0.0001788695444788904
راهی,0.0001788695444788904
مرغوب,0.0001788695444788904
ضدافتاب,0.0001788695444788904
بخدا,0.0001788695444788904
کاش,0.0001788695444788904
آرت,0.0001788695444788904
تغییر,0.0001788695444788904
ازهمه,0.0001788695444788904
عود,0.0001788695444788904
گنجهای,0.0001788695444788904
معنوی,0.0001788695444788904
جاهد,0.0001788695444788904
سوت,0.0001788695444788904
اسپرسو,0.0001788695444788904
اسم,0.0001788695444788904
عالییی,0.0001788695444788904
طول,0.0001788695444788904
میکشه,0.0001788695444788904
so,0.0001788695444788904
داخلی,0.0001788695444788904
بازیه,0.0001788695444788904
لاستیک,0.0001788695444788904
پینگ,0.0001788695444788904
وایسون,0.0001788695444788904
COCOC,0.0001788695444788904
تیغه,0.0001788695444788904
جوی,0.0001788695444788904
روم,0.0001788695444788904
جوهر,0.0001788695444788904
خرد,0.00011924636298592692
کاره,0.00011924636298592692
عالم,0.00011924636298592692
دلش,0.00011924636298592692
بخواد,0.00011924636298592692
کردن‌گوشی‌,0.00011924636298592692
نمایشگر,0.00011924636298592692
اکثر,0.00011924636298592692
بازیها,0.00011924636298592692
لنووtab,0.00011924636298592692
سرخابی,0.00011924636298592692
نمی‌چسبد,0.00011924636298592692
جذابیه,0.00011924636298592692
منافذ,0.00011924636298592692
سیاه,0.00011924636298592692
قدرتش,0.00011924636298592692
خودشم,0.00011924636298592692
میچرخه,0.00011924636298592692
چوکر,0.00011924636298592692
شانه,0.00011924636298592692
دیکشنری,0.00011924636298592692
آکورد,0.00011924636298592692
دلونگی,0.00011924636298592692
Yprime,0.00011924636298592692
دیترون,0.00011924636298592692
منگنه,0.00011924636298592692
نووس,0.00011924636298592692
میدونین,0.00011924636298592692
آبرسانه,0.00011924636298592692
تیوپ,0.00011924636298592692
تموم,0.00011924636298592692
میگیرم,0.00011924636298592692
روغنی,0.00011924636298592692
بوده,0.00011924636298592692
زیباااا,0.00011924636298592692
خداشکر,0.00011924636298592692
تکستار,0.00011924636298592692
ضدپیری,0.00011924636298592692
آگرین,0.00011924636298592692
پشیمونم,0.00011924636298592692
بخرم,0.00011924636298592692
دیگ,0.00011924636298592692
آپدیت,0.00011924636298592692
شه,0.00011924636298592692
قبلاً,0.00011924636298592692
نیکون,0.00011924636298592692
ایستد,0.00011924636298592692
موزن,0.00011924636298592692
تافته,0.00011924636298592692
خوووب,0.00011924636298592692
آپشن,0.00011924636298592692
لیگ,0.00011924636298592692
بنزین,0.00011924636298592692
لیزر,0.00011924636298592692
مادرم,0.00011924636298592692
چیزه,0.00011924636298592692
اگربرای,0.00011924636298592692
جواهرسازی,0.00011924636298592692
میخوایید,0.00011924636298592692
پولیش,0.00011924636298592692
چربی,0.00011924636298592692
ازبیین,0.00011924636298592692
نمیبره,0.00011924636298592692
توو,0.00011924636298592692
آلمانیه,0.00011924636298592692
برزنت,0.00011924636298592692
خودنویس,0.00011924636298592692
ایی,0.00011924636298592692
تاثیرگذار,0.00011924636298592692
عالیههه,0.00011924636298592692
کلدفایر,0.00011924636298592692
میزو,0.00011924636298592692
رایت,0.00011924636298592692
تکسو,0.00011924636298592692
چاره,0.00011924636298592692
دیگههمینه,0.00011924636298592692
متریال,0.00011924636298592692
وقیمت,0.00011924636298592692
tab,0.00011924636298592692
ثابت,0.00011924636298592692
مونده,0.00011924636298592692
پردازنده,0.00011924636298592692
پنتیوم,0.00011924636298592692
ترکیبات,0.00011924636298592692
نامعلوم,0.00011924636298592692
کنی,0.00011924636298592692
سیمی,0.00011924636298592692
عخوبه,0.00011924636298592692
اساسی,0.00011924636298592692
phone,0.00011924636298592692
xs,0.00011924636298592692
پازل,0.00011924636298592692
مژه,0.00011924636298592692
گوشی‌های,0.00011924636298592692
سلفی,0.00011924636298592692
موسقی,0.00011924636298592692
ترانه,0.00011924636298592692
تکواندو,0.00011924636298592692
نامبر,0.00011924636298592692
عمرم,0.00011924636298592692
عبدی,0.00011924636298592692
ساسان,0.00011924636298592692
راضیی,0.00011924636298592692
ایمان,0.00011924636298592692
کاشف,0.00011924636298592692
نقصی,0.00011924636298592692
نیکتا,0.00011924636298592692
نداشتم,0.00011924636298592692
انداختم,0.00011924636298592692
وایر,0.00011924636298592692
همزمان,0.00011924636298592692
راضی‌ام,0.00011924636298592692
لپتاپ,0.00011924636298592692
معتبر,0.00011924636298592692
تینی,0.00011924636298592692
وینی,0.00011924636298592692
huawei,0.00011924636298592692
yprime,0.00011924636298592692
نظردهی,0.00011924636298592692
الگانس,0.00011924636298592692
پدر,0.00011924636298592692
مادر,0.00011924636298592692
یی,0.00011924636298592692
بیشتری,0.00011924636298592692
بهترشو,0.00011924636298592692
خوشگلم,0.00011924636298592692
ماکروفر,0.00011924636298592692
پاناسونیک,0.00011924636298592692
وانمکس,0.00011924636298592692
قاتل,0.00011924636298592692
نحوه,0.00011924636298592692
میکرم,0.00011924636298592692
فندکش,0.00011924636298592692
بخصوص,0.00011924636298592692
کابلش,0.00011924636298592692
هوسمند,0.00011924636298592692
مسواکی,0.00011924636298592692
کلومن,0.00011924636298592692
آمیزیش,0.00011924636298592692
خوشکله,0.00011924636298592692
نیخوره,0.00011924636298592692
علیکم,0.00011924636298592692
کیلو,0.00011924636298592692
نشستیم,0.00011924636298592692
آخ,0.00011924636298592692
نگفت,0.00011924636298592692
خریدتبلت,0.00011924636298592692
ناراتب,0.00011924636298592692
جاسویچیه,0.00011924636298592692
آفتابگیر,0.00011924636298592692
پیرسینگ,0.00011924636298592692
جانبدارانه,0.00011924636298592692
برشکاری,0.00011924636298592692
فلزات,0.00011924636298592692
ارزد,0.00011924636298592692
Toshiba,0.00011924636298592692
سوخته,0.00011924636298592692
Sony,0.00011924636298592692
srs,0.00011924636298592692
xb,0.00011924636298592692
پنج,0.00011924636298592692
پرایم,0.00011924636298592692
گلدون,0.00011924636298592692
هیسه,0.00011924636298592692
آک,0.00011924636298592692
جیمی,0.00011924636298592692
اصلاا,0.00011924636298592692
ترکی,0.00011924636298592692
نامطلوب,0.00011924636298592692
آدام,0.00011924636298592692
المنتس,0.00011924636298592692
مغار,0.00011924636298592692
خوبیاش,0.00011924636298592692
معتبره,0.00011924636298592692
تونیک,0.00011924636298592692
ایروکس,0.00011924636298592692
ودر,0.00011924636298592692
اینترنت,0.00011924636298592692
بودنمن,0.00011924636298592692
برد,0.00011924636298592692
چنگال,0.00011924636298592692
S,0.00011924636298592692
دیاموند,0.00011924636298592692
موتوجوش,0.00011924636298592692
تمیزی,0.00011924636298592692
خاطر,0.00011924636298592692
قلیون,0.00011924636298592692
حدی,0.00011924636298592692
مبل,0.00011924636298592692
پروفیل,0.00011924636298592692
ازشان,0.00011924636298592692
وتازه,0.00011924636298592692
اجناس,0.00011924636298592692
میری,0.00011924636298592692
خیس,0.00011924636298592692
لغزنده,0.00011924636298592692
وتوس,0.00011924636298592692
سرپایینی,0.00011924636298592692
کنترلش,0.00011924636298592692
فر,0.00011924636298592692
کلاسی,0.00011924636298592692
بوشم,0.00011924636298592692
وملایم,0.00011924636298592692
اکسسوری,0.00011924636298592692
مهشر,0.00011924636298592692
هارا,0.00011924636298592692
اکانتی,0.00011924636298592692
بریزید,0.00011924636298592692
تاحالا,0.00011924636298592692
پرسرعت,0.00011924636298592692
باحاله,0.00011924636298592692
دلناز,0.00011924636298592692
خوبو,0.00011924636298592692
Nokia,0.00011924636298592692
Plus,0.00011924636298592692
دبستانی,0.00011924636298592692
عدد,0.00011924636298592692
رقیقه,0.00011924636298592692
استار,0.00011924636298592692
تومنیش,0.00011924636298592692
خیلیــــ,0.00011924636298592692
بدم,0.00011924636298592692
ومناسب,0.00011924636298592692
اپ,0.00011924636298592692
واقعآ,0.00011924636298592692
میکم,0.00011924636298592692
ایست,0.00011924636298592692
کیفیتِ,0.00011924636298592692
عاالیه,0.00011924636298592692
گذارِ,0.00011924636298592692
پین,0.00011924636298592692
گوشواره,0.00011924636298592692
بسزایی,0.00011924636298592692
کوچیکتر,0.00011924636298592692
ازونیه,0.00011924636298592692
usb,0.00011924636298592692
ماساژ,0.00011924636298592692
یود,0.00011924636298592692
میزارن,0.00011924636298592692
معرکس,0.00011924636298592692
مخلص,0.00011924636298592692
خودشه,0.00011924636298592692
روپلاک,0.00011924636298592692
ایرادات,0.00011924636298592692
الکی,0.00011924636298592692
نگیرین,0.00011924636298592692
لطفاً,0.00011924636298592692
کتونی,0.00011924636298592692
ون,0.00011924636298592692
مهندسی,0.00011924636298592692
لیمو,0.00011924636298592692
کنو,0.00011924636298592692
سناتور,0.00011924636298592692
Need,0.00011924636298592692
for,0.00011924636298592692
speed,0.00011924636298592692
rivals,0.00011924636298592692
وصدای,0.00011924636298592692
اداپتور,0.00011924636298592692
آسیاب,0.00011924636298592692
Chili,0.00011924636298592692
میتونه,0.00011924636298592692
موشک,0.00011924636298592692
NOKIA,0.00011924636298592692
hdmi,0.00011924636298592692
vga,0.00011924636298592692
RGB,0.00011924636298592692
وسترن,0.00011924636298592692
ترا,0.00011924636298592692
رمینگتون,0.00011924636298592692
led,0.00011924636298592692
عالیع,0.00011924636298592692
نانو,0.00011924636298592692
otg,0.00011924636298592692
نمیره,0.00011924636298592692
حجم‌دهنده,0.00011924636298592692
نیوه‌آ,0.00011924636298592692
جابجایی,0.00011924636298592692
رب,0.00011924636298592692
پدالی,0.00011924636298592692
پایان,0.00011924636298592692
هاوایی,0.00011924636298592692
مغایرت,0.00011924636298592692
گردگیر,0.00011924636298592692
راجع,0.00011924636298592692
قلیه,0.00011924636298592692
تحفه,0.00011924636298592692
نوستالژی,0.00011924636298592692
معجزه,0.00011924636298592692
وهبذ,0.00011924636298592692
بسایر,0.00011924636298592692
نبین,0.00011924636298592692
ژاپنی,0.00011924636298592692
تابپ,0.00011924636298592692
عسل,0.00011924636298592692
ویدیو,0.00011924636298592692
پروژکتور,0.00011924636298592692
گوشیرو,0.00011924636298592692
بازش,0.00011924636298592692
مدار,0.00011924636298592692
بقیش,0.00011924636298592692
باتریهای,0.00011924636298592692
خرابه,0.00011924636298592692
تشکچه,0.00011924636298592692
زیکلاس,0.00011924636298592692
ZYK,0.00011924636298592692
ازجی,0.00011924636298592692
پاس,0.00011924636298592692
آماده,0.00011924636298592692
جنگا,0.00011924636298592692
گلدن,0.00011924636298592692
سایر,0.00011924636298592692
حیث,0.00011924636298592692
بیخودی,0.00011924636298592692
مک,0.00011924636298592692
استایلر,0.00011924636298592692
MC,0.00011924636298592692
تونر,0.00011924636298592692
موبر,0.00011924636298592692
گوشیمم,0.00011924636298592692
بشم,0.00011924636298592692
نامشخص,0.00011924636298592692
برخلاف,0.00011924636298592692
تصور,0.00011924636298592692
بسیییار,0.00011924636298592692
راحله,0.00011924636298592692
ماهیگیری,0.00011924636298592692
اسکار,0.00011924636298592692
قفسه,0.00011924636298592692
خندان,0.00011924636298592692
ساواج,0.00011924636298592692
تقئیت,0.00011924636298592692
تسترفیوز,0.00011924636298592692
ایکیا,0.00011924636298592692
بسیارخوشمزه,0.00011924636298592692
نقدی,0.00011924636298592692
آمپریش,0.00011924636298592692
حداقل,0.00011924636298592692
اقا,0.00011924636298592692
بخر,0.00011924636298592692
کارمعمولی,0.00011924636298592692
رسیدفقط,0.00011924636298592692
یکسال,0.00011924636298592692
رسیدتست,0.00011924636298592692
دماشم,0.00011924636298592692
بادی,0.00011924636298592692
سعی,0.00011924636298592692
بینی,0.00011924636298592692
کویین,0.00011924636298592692
مکعب,0.00011924636298592692
تهیه,0.00011924636298592692
ساندویچی,0.00011924636298592692
سربع,0.00011924636298592692
عااالیفقط,0.00011924636298592692
دوغ,0.00011924636298592692
کوهپناه,0.00011924636298592692
کمبودی,0.00011924636298592692
بلوری,0.00011924636298592692
موسیر,0.00011924636298592692
خامه,0.00011924636298592692
پناه,0.00011924636298592692
اسپیکا,0.00011924636298592692
زل,0.00011924636298592692
مرقوم,0.00011924636298592692
اند,0.00011924636298592692
وایت,0.00011924636298592692
مراقبت,0.00011924636298592692
دوره,0.00011924636298592692
بیسکویت,0.00011924636298592692
سبوس,0.00011924636298592692
گرجی,0.00011924636298592692
ترینه,0.00011924636298592692
هدف,0.00011924636298592692
حتماپشنهاد,0.00011924636298592692
میدهم,0.00011924636298592692
ساختیه,0.00011924636298592692
سرگرم,0.00011924636298592692
لذتش,0.00011924636298592692
بردم,0.00011924636298592692
عاطف,0.00011924636298592692
اثراتش,0.00011924636298592692
جاهایی,0.00011924636298592692
داریدخوبه,0.00011924636298592692
ماما,0.00011924636298592692
مربای,0.00011924636298592692
کاله,0.00011924636298592692
آروین,0.00011924636298592692
jebreili,0.00011924636298592692
ودرجه,0.00011924636298592692
عمقی,0.00011924636298592692
پرتوهای,0.00011924636298592692
تقویم,0.00011924636298592692
لانسون,0.00011924636298592692
خشن,0.00011924636298592692
زرساب,0.00011924636298592692
گفته,0.00011924636298592692
همکاران,0.00011924636298592692
ترشیدگی,0.00011924636298592692
موادش,0.00011924636298592692
قایق,0.00011924636298592692
الکلی,0.00011924636298592692
میکروسکوپی,0.00011924636298592692
لامپا,0.00011924636298592692
باهم,0.00011924636298592692
خونی,0.00011924636298592692
یخی,0.00011924636298592692
اونیکی,0.00011924636298592692
مایل,0.00011924636298592692
بنفش,0.00011924636298592692
خوشکل,0.00011924636298592692
وفانتزیه,0.00011924636298592692
اقائی,0.00011924636298592692
نخی,0.00011924636298592692
موندم,0.00011924636298592692
کسانی,0.00011924636298592692
میخوان,0.00011924636298592692
آشپزخونه,0.00011924636298592692
افتضاحش,0.00011924636298592692
حسابی,0.00011924636298592692
ادم,0.00011924636298592692
پایینهیکم,0.00011924636298592692
دهن,0.00011924636298592692
پانچ,0.00011924636298592692
توسی,0.00011924636298592692
نوردی,0.00011924636298592692
زیباو,0.00011924636298592692
ایمن,0.00011924636298592692
سایرین,0.00011924636298592692
زیباواقعا,0.00011924636298592692
شییییک,0.00011924636298592692
رنک,0.00011924636298592692
طلایی,0.00011924636298592692
مقدار,0.00011924636298592692
فراموش,0.00011924636298592692
خاصیت,0.00011924636298592692
نه‌چندان,0.00011924636298592692
بالم,0.00011924636298592692
بیوتی,0.00011924636298592692
مثه,0.00011924636298592692
باسئوس,0.00011924636298592692
فتوشاپ,0.00011924636298592692
شوووون,0.00011924636298592692
کیسه,0.00011924636298592692
آلپ,0.00011924636298592692
عین,0.00011924636298592692
میسوزد,0.00011924636298592692
فائقه,0.00011924636298592692
میکرو,0.00011924636298592692
USB,0.00011924636298592692
سرهم,0.00011924636298592692
کردنش,0.00011924636298592692
نیاورد,0.00011924636298592692
مرگ,0.00011924636298592692
بخون,0.00011924636298592692
نوشتمش,0.00011924636298592692
دمپایی,0.00011924636298592692
سنجی,0.00011924636298592692
فوجیتسو,0.00011924636298592692
ارگونومی,0.00011924636298592692
Diba,0.00011924636298592692
‌نازک,0.00011924636298592692
مطالعه,0.00011924636298592692
گوشیnote,0.00011924636298592692
امپ,0.00011924636298592692
پیشنهاش,0.00011924636298592692
کاتر,0.00011924636298592692
هوکو,0.00011924636298592692
باارزش,0.00011924636298592692
doubl,0.00011924636298592692
blaster,0.00011924636298592692
آرد,0.00011924636298592692
جوووو,0.00011924636298592692
Qin,0.00011924636298592692
کتابی,0.00011924636298592692
محتوا,0.00011924636298592692
فمینیستی,0.00011924636298592692
خاتم,0.00011924636298592692
تمییزی,0.00011924636298592692
قندان,0.00011924636298592692
دوامی,0.00011924636298592692
بیست,0.00011924636298592692
سومگM,0.00011924636298592692
نعلبکی,0.00011924636298592692
آپاچی,0.00011924636298592692
وسبک,0.00011924636298592692
هاش,0.00011924636298592692
اصلن,0.00011924636298592692
دردنمیخوره,0.00011924636298592692
فازمتر,0.00011924636298592692
Quad,0.00011924636298592692
یخ,0.00011924636298592692
مردی,0.00011924636298592692
نام,0.00011924636298592692
اوه,0.00011924636298592692
کلمات,0.00011924636298592692
میکرد,0.00011924636298592692
مراتب,0.00011924636298592692
تری,0.00011924636298592692
میستار,0.00011924636298592692
خیار,0.00011924636298592692
میرزه,0.00011924636298592692
فلیپس,0.00011924636298592692
ساک,0.00011924636298592692
انحصاری,0.00011924636298592692
skmei,0.00011924636298592692
کروم‌کست,0.00011924636298592692
ADATA,0.00011924636298592692
مشمئز,0.00011924636298592692
نمیزنن,0.00011924636298592692
بالاش,0.00011924636298592692
تعادل,0.00011924636298592692
گیرتون,0.00011924636298592692
هستن,0.00011924636298592692
کریستال,0.00011924636298592692
نسبتاً,0.00011924636298592692
پیکسل,0.00011924636298592692
نینجا,0.00011924636298592692
پلاک,0.00011924636298592692
زرشکی,0.00011924636298592692
خوبههه,0.00011924636298592692
انتقادی,0.00011924636298592692
باکیفیتی,0.00011924636298592692
حس,0.00011924636298592692
هدر,0.00011924636298592692
ندین,0.00011924636298592692
پوشک,0.00011924636298592692
فیروز,0.00011924636298592692
همخوانی,0.00011924636298592692
یواس,0.00011924636298592692
مرغوبیت,0.00011924636298592692
مضراب,0.00011924636298592692
San,0.00011924636298592692
Disk,0.00011924636298592692
Pro,0.00011924636298592692
کردید,0.00011924636298592692
هسته,0.00011924636298592692
راکت,0.00011924636298592692
بنده,0.00011924636298592692
پیشنهادنمیکنم,0.00011924636298592692
نکنین,0.00011924636298592692
باتوجه,0.00011924636298592692
ارزونی,0.00011924636298592692
استایلیه,0.00011924636298592692
بنلی,0.00011924636298592692
سیلندر,0.00011924636298592692
نیازهای,0.00011924636298592692
داشتید,0.00011924636298592692
بگیریدفقط,0.00011924636298592692
خاکستری,0.00011924636298592692
جزو,0.00011924636298592692
بونو,0.00011924636298592692
شسته,0.00011924636298592692
کوارتز,0.00011924636298592692
سلیقه,0.00011924636298592692
ربط,0.00011924636298592692
xbox,0.00011924636298592692
one,0.00011924636298592692
کواد,0.00011924636298592692
کوپتر,0.00011924636298592692
سایما,0.00011924636298592692
اجباری,0.00011924636298592692
نبرده,0.00011924636298592692
استند,0.00011924636298592692
نتایج,0.00011924636298592692
ثتل,0.00011924636298592692
دفترچه,0.00011924636298592692
راهنما,0.00011924636298592692
فلزی,0.00011924636298592692
چندبار,0.00011924636298592692
جدا,0.00011924636298592692
ترنجان,0.00011924636298592692
ابرو,0.00011924636298592692
وشل,0.00011924636298592692
ول,0.00011924636298592692
تنوع,0.00011924636298592692
دکور,0.00011924636298592692
وبدنه,0.00011924636298592692
فایبر,0.00011924636298592692
نگرانی,0.00011924636298592692
زنگ,0.00011924636298592692
سوپرایز,0.00011924636298592692
ماهیتابه,0.00011924636298592692
پاتریس,0.00011924636298592692
Caterpillar,0.00011924636298592692
دوسال,0.00011924636298592692
Jbl,0.00011924636298592692
flip,0.00011924636298592692
موافقت,0.00011924636298592692
زمانهای,0.00011924636298592692
درپوش,0.00011924636298592692
نعنا,0.00011924636298592692
ربیع,0.00011924636298592692
جوین,0.00011924636298592692
نمکدان,0.00011924636298592692
راضیتون,0.00011924636298592692
نگرفتم,0.00011924636298592692
اکواریوم,0.00011924636298592692
گریپ,0.00011924636298592692
آلن,0.00011924636298592692
کشی,0.00011924636298592692
نشدهدر,0.00011924636298592692
خودتون,0.00011924636298592692
نمیخورد,0.00011924636298592692
لایتینیگ,0.00011924636298592692
گزارش,0.00011924636298592692
وامتحان,0.00011924636298592692
بخارشو,0.00011924636298592692
سفتی,0.00011924636298592692
ملحفه,0.00011924636298592692
بیلسی,0.00011924636298592692
0,5.962318149296346e-05
